Workbook

Sheet Danh mục
A1: Phân loại | B1: Mô tả | D1: Tình trạng
A2: Chi nhánh | B2: Theo dõi hàng có BBSC chi nhánh, TBYT hư hỏng trả hãng | D2: Bán | H2: Có | J2: Chuyển bán
A3: Chi nhánh - PAP | B3: Hàng PAP Chi nhánh, phải có BBGN từ BV | D3: Hủy | H3: Không | J3: Chuyển hủy
A4: Chuyển kho | B4: Chuyển về hãng, chuyển kho thuê sang kho bán hoặc ngược lại | D4: Đơn chỉ định | J4: Đơn chỉ định
A5: Hết date tại kho | B5: Chuyển hủy theo diện hết date (chỉ mail chỗ chị như / nhóm CXL) | D5: Xuất | J5: Xuất mẫu
A6: Khác | D6: Chưa xác định | J6: Chưa xác định
A7: Sự cố hãng - Đã Approved | B7: Hãng gửi mail xác nhận hàng hoá, trước khi hàng về | D7: Trả hãng
A8: Thu hồi chuyển HỦY
A9: Trả về - Chuyển hủy
A10: Trả về - CXL | B10: Trả về có sự cố nhưng không release / chuyển CXL có thông tin từ hãng / chờ xuất về hãng theo y/c
A11: Trả về - PAP | B11: Hàng PAP trả về, phải có BBGN từ BV
A12: Trả về - Release | B12: Trả về có sự cố nhưng release
A13: Yêu cầu từ hãng | B13: Hãng yêu cầu xử lý hàng
A15: Phân loại | B15: Mô tả
A16: Đền bù vận chuyển
A17: Yêu cầu hãng | B17: Chờ trả hãng, chờ hủy, release
A18: PAP | B18: Chờ hủy,…
A19: Trả về - release | B19: Nhiệt độ vận chuyển, móp nhẹ mà mình release
A20: Planning xác nhận
A21: Nội bộ kho xử lý | B21: Kho tự xử lý, ra đơn, đền bù
A22: Yêu cầu CSKH

Sheet Theo dõi 2024-2026
A1: Ngày | B1: Số theo dõi | C1: Phân loại | D1: Mã SP/ Item | E1: TÊN SẢN PHẨM/ Product's name | F1: Batch | G1: HSD | H1: LPN | I1: SỐ LƯỢNG | J1: Nội dung | K1: Tình trạng | L1: Ghi Chú | M1: Link dẫn | N1: Hành động | O1: Tồn
A2: 45440 | B2: INT-0001-24 | C2: Nội bộ kho xử lý | D2: SA5211011 | E2: VERORAB BOX OF 10 VIALS + 10 SYRINGES | F2: W1C332V | G2: 45961 | H2: 000138900 | I2: 300 | J2: Trả về tại kho - | M2: =HYPERLINK("P:\7. LONG HAU\7. CAC THEO DOI TRONG QUA TRINH\4. DEVIATION- INCIDENTS\THEO DÕI NỘI BỘ (NGOÀI BBSC)\"&YEAR(A2)&"\"&B2,B2) -> INT-0001-24 | O2: Không
A3: 45446 | B3: INT-0002-24 | C3: Trả về | D3: SA5211005 | E3: HEXAXIM BOX OF 1 PRE-FILLED SYRINGE + 2 NEEDLES | F3: W3G601V | G3: 46142 | H3: 000139236 | I3: 1 | J3: Không có thuốc bên trong hộp | K3: Xuất | L3: CC_210324 | M3: =HYPERLINK("P:\7. LONG HAU\7. CAC THEO DOI TRONG QUA TRINH\4. DEVIATION- INCIDENTS\THEO DÕI NỘI BỘ (NGOÀI BBSC)\"&YEAR(A3)&"\"&B3,B3) -> INT-0002-24 | O3: Không
A4: 45446 | B4: INT-0003-24 | C4: Yêu cầu hãng | D4: SC6100011 | E4: PERFECTIL (H/30 VIEN) | F4: PFT2167P | G4: 45443 | H4: 000139260 | I4: 7 | J4: Cận date | K4: Chưa xác định | M4: =HYPERLINK("P:\7. LONG HAU\7. CAC THEO DOI TRONG QUA TRINH\4. DEVIATION- INCIDENTS\THEO DÕI NỘI BỘ (NGOÀI BBSC)\"&YEAR(A4)&"\"&B4,B4) -> INT-0003-24 | O4: Có
A5: 45446 | B5: INT-0003-24 | C5: Yêu cầu hãng | D5: SC6100007 | E5: JOINTACE (H/30 VIEN) | F5: 156077 | G5: 45443 | H5: 000139261 | I5: 18 | J5: Cận date | K5: Chưa xác định | M5: =HYPERLINK("P:\7. LONG HAU\7. CAC THEO DOI TRONG QUA TRINH\4. DEVIATION- INCIDENTS\THEO DÕI NỘI BỘ (NGOÀI BBSC)\"&YEAR(A5)&"\"&B5,B5) -> INT-0003-24 | O5: Có
A6: 45446 | B6: INT-0003-24 | C6: Yêu cầu hãng | D6: SC6100011 | E6: PERFECTIL (H/30 VIEN) | F6: PFT2166P | G6: 45443 | H6: 000139262 | I6: 4 | J6: Cận date | K6: Chưa xác định | M6: =HYPERLINK("P:\7. LONG HAU\7. CAC THEO DOI TRONG QUA TRINH\4. DEVIATION- INCIDENTS\THEO DÕI NỘI BỘ (NGOÀI BBSC)\"&YEAR(A6)&"\"&B6,B6) -> INT-0003-24 | O6: Có
A7: 45446 | B7: INT-0003-24 | C7: Yêu cầu hãng | D7: SC6100019 | E7: WELLBABY MULTI-VITAMIN LIQUID (CHAI 150ML) | F7: 21043 | G7: 45443 | H7: 000139264 | I7: 3 | J7: Cận date | K7: Chưa xác định | M7: =HYPERLINK("P:\7. LONG HAU\7. CAC THEO DOI TRONG QUA TRINH\4. DEVIATION- INCIDENTS\THEO DÕI NỘI BỘ (NGOÀI BBSC)\"&YEAR(A7)&"\"&B7,B7) -> INT-0003-24 | O7: Có
A8: 45446 | B8: INT-0003-24 | C8: Yêu cầu hãng | D8: SC6100002 | E8: FEROGLOBIN B12 LIQUID 200ML | F8: 21049 | G8: 45443 | H8: 000139263 | I8: 16 | J8: Cận date | K8: Chưa xác định | M8: =HYPERLINK("P:\7. LONG HAU\7. CAC THEO DOI TRONG QUA TRINH\4. DEVIATION- INCIDENTS\THEO DÕI NỘI BỘ (NGOÀI BBSC)\"&YEAR(A8)&"\"&B8,B8) -> INT-0003-24 | O8: Có
A9: 45446 | B9: INT-0003-24 | C9: Yêu cầu hãng | D9: SC6100002 | E9: FEROGLOBIN B12 LIQUID 200ML | F9: 20635 | G9: 45443 | H9: 000139267 | I9: 1 | J9: Cận date | K9: Chưa xác định | M9: =HYPERLINK("P:\7. LONG HAU\7. CAC THEO DOI TRONG QUA TRINH\4. DEVIATION- INCIDENTS\THEO DÕI NỘI BỘ (NGOÀI BBSC)\"&YEAR(A9)&"\"&B9,B9) -> INT-0003-24 | O9: Có
A10: 45446 | B10: INT-0003-24 | C10: Yêu cầu hãng | D10: SC6100007 | E10: JOINTACE (H/30 VIEN) | F10: 156077A | G10: 45443 | H10: 000139266 | I10: 25 | J10: Cận date | K10: Chưa xác định | M10: =HYPERLINK("P:\7. LONG HAU\7. CAC THEO DOI TRONG QUA TRINH\4. DEVIATION- INCIDENTS\THEO DÕI NỘI BỘ (NGOÀI BBSC)\"&YEAR(A10)&"\"&B10,B10) -> INT-0003-24 | O10: Có
A11: 45446 | B11: INT-0003-24 | C11: Yêu cầu hãng | D11: SC6100019 | E11: WELLBABY MULTI-VITAMIN LIQUID (CHAI 150ML) | F11: 21042 | G11: 45443 | H11: 000139268 | I11: 6 | J11: Cận date | K11: Chưa xác định | M11: =HYPERLINK("P:\7. LONG HAU\7. CAC THEO DOI TRONG QUA TRINH\4. DEVIATION- INCIDENTS\THEO DÕI NỘI BỘ (NGOÀI BBSC)\"&YEAR(A11)&"\"&B11,B11) -> INT-0003-24 | O11: Có
A12: 45446 | B12: INT-0003-24 | C12: Yêu cầu hãng | D12: SC6100017 | E12: WELLKID MULTI-VITAMIN LIQUID (CHAI/150ML) | F12: 21017 | G12: 45443 | H12: 000139265 | I12: 10 | J12: Cận date | K12: Chưa xác định | M12: =HYPERLINK("P:\7. LONG HAU\7. CAC THEO DOI TRONG QUA TRINH\4. DEVIATION- INCIDENTS\THEO DÕI NỘI BỘ (NGOÀI BBSC)\"&YEAR(A12)&"\"&B12,B12) -> INT-0003-24 | O12: Có
A13: 45446 | B13: INT-0003-24 | C13: Yêu cầu hãng | D13: SC6100011 | E13: PERFECTIL (H/30 VIEN) | F13: PFT21114P | G13: 45473 | H13: 000139272 | I13: 1 | J13: Cận date | K13: Chưa xác định | M13: =HYPERLINK("P:\7. LONG HAU\7. CAC THEO DOI TRONG QUA TRINH\4. DEVIATION- INCIDENTS\THEO DÕI NỘI BỘ (NGOÀI BBSC)\"&YEAR(A13)&"\"&B13,B13) -> INT-0003-24 | O13: Có
A14: 45446 | B14: INT-0003-24 | C14: Yêu cầu hãng | D14: SC6100001 | E14: OSTEOCARE LIQUID 200ML | F14: 21170 | G14: 45473 | H14: 000139273 | I14: 4 | J14: Cận date | K14: Chưa xác định | M14: =HYPERLINK("P:\7. LONG HAU\7. CAC THEO DOI TRONG QUA TRINH\4. DEVIATION- INCIDENTS\THEO DÕI NỘI BỘ (NGOÀI BBSC)\"&YEAR(A14)&"\"&B14,B14) -> INT-0003-24 | O14: Có
A15: 45446 | B15: INT-0003-24 | C15: Yêu cầu hãng | D15: SC6100001 | E15: OSTEOCARE LIQUID 200ML | F15: 21261 | G15: 45473 | H15: 000139274 | I15: 8 | J15: Cận date | K15: Chưa xác định | M15: =HYPERLINK("P:\7. LONG HAU\7. CAC THEO DOI TRONG QUA TRINH\4. DEVIATION- INCIDENTS\THEO DÕI NỘI BỘ (NGOÀI BBSC)\"&YEAR(A15)&"\"&B15,B15) -> INT-0003-24 | O15: Có
A16: 45446 | B16: INT-0003-24 | C16: Yêu cầu hãng | D16: SC6100018 | E16: PREGNACARE BREAST-FEEDING (HOP/56 VIEN NEN, 28 VIEN NANG) | F16: PB2230 | G16: 45565 | H16: 000139275 | I16: 2 | J16: Cận date | K16: Chưa xác định | L16: Đã xuất đi | M16: =HYPERLINK("P:\7. LONG HAU\7. CAC THEO DOI TRONG QUA TRINH\4. DEVIATION- INCIDENTS\THEO DÕI NỘI BỘ (NGOÀI BBSC)\"&YEAR(A16)&"\"&B16,B16) -> INT-0003-24 | O16: Không
A17: 45446 | B17: INT-0003-24 | C17: Yêu cầu hãng | D17: SC6100019 | E17: WELLBABY MULTI-VITAMIN LIQUID (CHAI 150ML) | F17: 21659 | G17: 45565 | H17: 000139269 | I17: 2 | J17: Cận date | K17: Chưa xác định | L17: Đã xuất đi | M17: =HYPERLINK("P:\7. LONG HAU\7. CAC THEO DOI TRONG QUA TRINH\4. DEVIATION- INCIDENTS\THEO DÕI NỘI BỘ (NGOÀI BBSC)\"&YEAR(A17)&"\"&B17,B17) -> INT-0003-24 | O17: Không
A18: 45446 | B18: INT-0003-24 | C18: Yêu cầu hãng | D18: SC6100017 | E18: WELLKID MULTI-VITAMIN LIQUID (CHAI/150ML) | F18: 21571 | G18: 45535 | H18: 000139270 | I18: 1 | J18: Cận date | K18: Chưa xác định | L18: Đã xuất đi | M18: =HYPERLINK("P:\7. LONG HAU\7. CAC THEO DOI TRONG QUA TRINH\4. DEVIATION- INCIDENTS\THEO DÕI NỘI BỘ (NGOÀI BBSC)\"&YEAR(A18)&"\"&B18,B18) -> INT-0003-24 | O18: Không
A19: 45446 | B19: INT-0003-24 | C19: Yêu cầu hãng | D19: SC6100015 | E19: PREGNACARE PLUS OMEGA 3 (H/56 VIEN) | F19: PP2139 | G19: 45504 | H19: 000139271 | I19: 1 | J19: Cận date | K19: Chưa xác định | L19: Đã xuất đi | M19: =HYPERLINK("P:\7. LONG HAU\7. CAC THEO DOI TRONG QUA TRINH\4. DEVIATION- INCIDENTS\THEO DÕI NỘI BỘ (NGOÀI BBSC)\"&YEAR(A19)&"\"&B19,B19) -> INT-0003-24 | O19: Có
A20: 45446 | B20: INT-0004-24 | C20: Yêu cầu hãng | D20: SA1207001 | E20: NO-SPA 40MG/2ML INJ AM25 VN | F20: GC459A | G20: 46187 | H20: 000139942 | I20: 2.92 | J20: ADR | K20: Xuất | L20: Đã xuất đi | M20: =HYPERLINK("P:\7. LONG HAU\7. CAC THEO DOI TRONG QUA TRINH\4. DEVIATION- INCIDENTS\THEO DÕI NỘI BỘ (NGOÀI BBSC)\"&YEAR(A20)&"\"&B20,B20) -> INT-0004-24 | O20: Không
A21: 45450 | B21: INT-0005-24 | C21: Yêu cầu hãng | D21: AZ1100018 | E21: KOMBOGLYZE XR 5MG/1000MG BOX OF 4 BLISTERS X 7 FILM-COATED T | F21: NP0109 | G21: 45638 | H21: 000139989 | I21: 1 | J21: Móp do vận chuyển | K21: Đơn chỉ định | L21: Đã xuất đi | M21: =HYPERLINK("P:\7. LONG HAU\7. CAC THEO DOI TRONG QUA TRINH\4. DEVIATION- INCIDENTS\THEO DÕI NỘI BỘ (NGOÀI BBSC)\"&YEAR(A21)&"\"&B21,B21) -> INT-0005-24 | O21: Không
A22: 45450 | B22: INT-0005-24 | C22: Yêu cầu hãng | D22: AZ1100019 | E22: KOMBOGLYZE XR 5MG/500MG BOX OF 4 BLISTERS X 7 FILM-COATED TA | F22: NP0205 | G22: 45660 | H22: 000139990 | I22: 1 | J22: Móp do vận chuyển | K22: Đơn chỉ định | L22: Đã xuất đi | M22: =HYPERLINK("P:\7. LONG HAU\7. CAC THEO DOI TRONG QUA TRINH\4. DEVIATION- INCIDENTS\THEO DÕI NỘI BỘ (NGOÀI BBSC)\"&YEAR(A22)&"\"&B22,B22) -> INT-0005-24 | O22: Không
A23: 45450 | B23: INT-0005-24 | C23: Yêu cầu hãng | D23: AZ1100017 | E23: ONGLYZA 5MG BOX OF 2 BLISTERS X 14 FILM-COATED TABLETS | F23: SD785 | G23: 45768 | H23: 000139988 | I23: 1 | J23: Móp do vận chuyển | K23: Đơn chỉ định | L23: Đã xuất đi | M23: =HYPERLINK("P:\7. LONG HAU\7. CAC THEO DOI TRONG QUA TRINH\4. DEVIATION- INCIDENTS\THEO DÕI NỘI BỘ (NGOÀI BBSC)\"&YEAR(A23)&"\"&B23,B23) -> INT-0005-24 | O23: Không
A24: 45450 | B24: INT-0005-24 | C24: Yêu cầu hãng | D24: AZ1100012 | E24: ONGLYZA 2.5 MG BOX OF 2 BLISTERS X 14 FILM-COATED TABLETS | F24: SA595 | G24: 45537 | H24: 000139987 | I24: 1 | J24: Móp do vận chuyển | K24: Đơn chỉ định | L24: Đã xuất đi | M24: =HYPERLINK("P:\7. LONG HAU\7. CAC THEO DOI TRONG QUA TRINH\4. DEVIATION- INCIDENTS\THEO DÕI NỘI BỘ (NGOÀI BBSC)\"&YEAR(A24)&"\"&B24,B24) -> INT-0005-24 | O24: Không
A25: 45454 | B25: INT-0006-24 | C25: Yêu cầu hãng | D25: SC6100015 | E25: PREGNACARE PLUS OMEGA 3 (H/56 VIEN) | F25: PP2212 | G25: 45565 | H25: 000140092 | I25: 9 | J25: Cận date | K25: Chưa xác định | M25: =HYPERLINK("P:\7. LONG HAU\7. CAC THEO DOI TRONG QUA TRINH\4. DEVIATION- INCIDENTS\THEO DÕI NỘI BỘ (NGOÀI BBSC)\"&YEAR(A25)&"\"&B25,B25) -> INT-0006-24 | O25: Có
A26: 45454 | B26: INT-0006-24 | C26: Yêu cầu hãng | D26: SC6100018 | E26: PREGNACARE BREAST-FEEDING (HOP/56 VIEN NEN, 28 VIEN NANG) | F26: PB2314 | G26: 45900 | H26: 000140090 | I26: 10 | J26: Cận date | K26: Chưa xác định | M26: =HYPERLINK("P:\7. LONG HAU\7. CAC THEO DOI TRONG QUA TRINH\4. DEVIATION- INCIDENTS\THEO DÕI NỘI BỘ (NGOÀI BBSC)\"&YEAR(A26)&"\"&B26,B26) -> INT-0006-24 | O26: Có
A27: 45454 | B27: INT-0006-24 | C27: Yêu cầu hãng | D27: SC6100018 | E27: PREGNACARE BREAST-FEEDING (HOP/56 VIEN NEN, 28 VIEN NANG) | F27: PB2320 | G27: 45900 | H27: 000140093 | I27: 1 | J27: Cận date | K27: Chưa xác định | M27: =HYPERLINK("P:\7. LONG HAU\7. CAC THEO DOI TRONG QUA TRINH\4. DEVIATION- INCIDENTS\THEO DÕI NỘI BỘ (NGOÀI BBSC)\"&YEAR(A27)&"\"&B27,B27) -> INT-0006-24 | O27: Có
A28: 45454 | B28: INT-0006-24 | C28: Yêu cầu hãng | D28: SC6100003 | E28: FEROGLOBIN B12 CAPSULES (H/30 VIEN) | F28: FW2201AA | G28: 45961 | H28: 000140094 | I28: 1 | J28: Cận date | K28: Chưa xác định | M28: =HYPERLINK("P:\7. LONG HAU\7. CAC THEO DOI TRONG QUA TRINH\4. DEVIATION- INCIDENTS\THEO DÕI NỘI BỘ (NGOÀI BBSC)\"&YEAR(A28)&"\"&B28,B28) -> INT-0006-24 | O28: Có
A29: 45454 | B29: INT-0007-24 | C29: Hết date tại kho | D29: AV1100012 | E29: PLENMOXI (H/1VI/10VIEN) | F29: 417BE03 | G29: 45450 | H29: 000137173 | I29: 2499 | J29: Hết date | K29: Hủy | M29: =HYPERLINK("P:\7. LONG HAU\7. CAC THEO DOI TRONG QUA TRINH\4. DEVIATION- INCIDENTS\THEO DÕI NỘI BỘ (NGOÀI BBSC)\"&YEAR(A29)&"\"&B29,B29) -> INT-0007-24 | O29: Không
A30: 45454 | B30: INT-0008-24 | C30: Yêu cầu hãng | D30: SC6100017 | E30: WELLKID MULTI-VITAMIN LIQUID (CHAI/150ML) | F30: 21571 | G30: 45535 | H30: 000140089 | I30: 3 | J30: Cận date | K30: Xuất | M30: =HYPERLINK("P:\7. LONG HAU\7. CAC THEO DOI TRONG QUA TRINH\4. DEVIATION- INCIDENTS\THEO DÕI NỘI BỘ (NGOÀI BBSC)\"&YEAR(A30)&"\"&B30,B30) -> INT-0008-24 | O30: Không
A31: 45455 | B31: INT-0009-24 | C31: Yêu cầu hãng | D31: SC6100001 | E31: OSTEOCARE LIQUID 200ML | F31: 21170 | G31: 45473 | H31: 000140252 | I31: 1 | J31: Cận date | K31: Chưa xác định | L31: Long Châu | M31: =HYPERLINK("P:\7. LONG HAU\7. CAC THEO DOI TRONG QUA TRINH\4. DEVIATION- INCIDENTS\THEO DÕI NỘI BỘ (NGOÀI BBSC)\"&YEAR(A31)&"\"&B31,B31) -> INT-0009-24 | O31: Có
A32: 45455 | B32: INT-0009-24 | C32: Yêu cầu hãng | D32: SC6100001 | E32: OSTEOCARE LIQUID 200ML | F32: 30159 | G32: 45688 | H32: 000140253 | I32: 1 | J32: Cận date | K32: Xuất | L32: Long Châu | M32: =HYPERLINK("P:\7. LONG HAU\7. CAC THEO DOI TRONG QUA TRINH\4. DEVIATION- INCIDENTS\THEO DÕI NỘI BỘ (NGOÀI BBSC)\"&YEAR(A32)&"\"&B32,B32) -> INT-0009-24 | N32: Xuất mẫu về VP VE đi ngày 30/08/2024 | O32: Không
A33: 45455 | B33: INT-0009-24 | C33: Yêu cầu hãng | D33: SC6100015 | E33: PREGNACARE PLUS OMEGA 3 (H/56 VIEN) | F33: PP2212 | G33: 45565 | H33: 000140249 | I33: 7 | J33: Cận date | K33: Xuất | L33: Long Châu | M33: =HYPERLINK("P:\7. LONG HAU\7. CAC THEO DOI TRONG QUA TRINH\4. DEVIATION- INCIDENTS\THEO DÕI NỘI BỘ (NGOÀI BBSC)\"&YEAR(A33)&"\"&B33,B33) -> INT-0009-24 | O33: Không
A34: 45455 | B34: INT-0009-24 | C34: Yêu cầu hãng | D34: SC6100015 | E34: PREGNACARE PLUS OMEGA 3 (H/56 VIEN) | F34: PP2237 | G34: 45688 | H34: 000140250 | I34: 1 | J34: Cận date | K34: Xuất | L34: Long Châu | M34: =HYPERLINK("P:\7. LONG HAU\7. CAC THEO DOI TRONG QUA TRINH\4. DEVIATION- INCIDENTS\THEO DÕI NỘI BỘ (NGOÀI BBSC)\"&YEAR(A34)&"\"&B34,B34) -> INT-0009-24 | N34: Xuất mẫu về VP VE đi ngày 30/08/2024 | O34: Không
A35: 45455 | B35: INT-0009-24 | C35: Yêu cầu hãng | D35: SC6100017 | E35: WELLKID MULTI-VITAMIN LIQUID (CHAI/150ML) | F35: 21573 | G35: 45565 | H35: 000140254 | I35: 10 | J35: Cận date | K35: Xuất | L35: Long Châu | M35: =HYPERLINK("P:\7. LONG HAU\7. CAC THEO DOI TRONG QUA TRINH\4. DEVIATION- INCIDENTS\THEO DÕI NỘI BỘ (NGOÀI BBSC)\"&YEAR(A35)&"\"&B35,B35) -> INT-0009-24 | O35: Không
A36: 45455 | B36: INT-0009-24 | C36: Yêu cầu hãng | D36: SC6100018 | E36: PREGNACARE BREAST-FEEDING (HOP/56 VIEN NEN, 28 VIEN NANG) | F36: PB2344 | G36: 46295 | H36: 000140251 | I36: 1 | J36: Cận date | K36: Chưa xác định | L36: Long Châu | M36: =HYPERLINK("P:\7. LONG HAU\7. CAC THEO DOI TRONG QUA TRINH\4. DEVIATION- INCIDENTS\THEO DÕI NỘI BỘ (NGOÀI BBSC)\"&YEAR(A36)&"\"&B36,B36) -> INT-0009-24 | O36: Có
A37: 45457 | B37: INT-0010-24 | C37: Yêu cầu hãng | D37: WO1100006 | E37: ALFA – LIPOGAMMA 600 ORAL BOX/100.S | F37: 21F112 | G37: 45457.75 | H37: 000140340 | I37: 5 | J37: Cận date | K37: Hủy | L37: Chờ huỷ | M37: =HYPERLINK("P:\7. LONG HAU\7. CAC THEO DOI TRONG QUA TRINH\4. DEVIATION- INCIDENTS\THEO DÕI NỘI BỘ (NGOÀI BBSC)\"&YEAR(A37)&"\"&B37,B37) -> INT-0010-24 | O37: Không
A38: 45308 | B38: INT-0011-24 | C38: Yêu cầu hãng | D38: WO1100006 | E38: ALFA – LIPOGAMMA 600 ORAL BOX/100.S | F38: 21F113 | G38: 45458 | H38: 000140649 | I38: 22 | J38: Cận date | K38: Hủy | L38: Chờ huỷ | M38: =HYPERLINK("P:\7. LONG HAU\7. CAC THEO DOI TRONG QUA TRINH\4. DEVIATION- INCIDENTS\THEO DÕI NỘI BỘ (NGOÀI BBSC)\"&YEAR(A38)&"\"&B38,B38) -> INT-0011-24 | O38: Không
A39: 45462 | B39: INT-0012-24 | C39: Chuyển kho | D39: DV1100092 | E39: DIVASER (HOP/100VIEN) | F39: 210978 | G39: 45426 | H39: 000128609 | I39: 96 | J39: Chuyển kho bán -> thuê, xuất về hãng | K39: Xuất | M39: =HYPERLINK("P:\7. LONG HAU\7. CAC THEO DOI TRONG QUA TRINH\4. DEVIATION- INCIDENTS\THEO DÕI NỘI BỘ (NGOÀI BBSC)\"&YEAR(A39)&"\"&B39,B39) -> INT-0012-24 | O39: Không
A40: 45462 | B40: INT-0012-24 | C40: Chuyển kho | D40: DV1100092 | E40: DIVASER (HOP/100VIEN) | F40: 210978 | G40: 45426 | H40: 000128609 | I40: 238 | J40: Chuyển kho bán -> thuê, xuất về hãng | K40: Xuất | M40: =HYPERLINK("P:\7. LONG HAU\7. CAC THEO DOI TRONG QUA TRINH\4. DEVIATION- INCIDENTS\THEO DÕI NỘI BỘ (NGOÀI BBSC)\"&YEAR(A40)&"\"&B40,B40) -> INT-0012-24 | O40: Không
A41: 45462 | B41: INT-0012-24 | C41: Chuyển kho | D41: DV1100073 | E41: SERNAL-4 4MG | F41: 210971 | G41: 45423 | H41: 000133025 | I41: 48 | J41: Chuyển kho bán -> thuê, xuất về hãng | K41: Xuất | M41: =HYPERLINK("P:\7. LONG HAU\7. CAC THEO DOI TRONG QUA TRINH\4. DEVIATION- INCIDENTS\THEO DÕI NỘI BỘ (NGOÀI BBSC)\"&YEAR(A41)&"\"&B41,B41) -> INT-0012-24 | O41: Không
A42: 45462 | B42: INT-0012-24 | C42: Chuyển kho | D42: DV1100073 | E42: SERNAL-4 4MG | F42: 210971 | G42: 45423 | H42: 000128608 | I42: 94 | J42: Chuyển kho bán -> thuê, xuất về hãng | K42: Xuất | M42: =HYPERLINK("P:\7. LONG HAU\7. CAC THEO DOI TRONG QUA TRINH\4. DEVIATION- INCIDENTS\THEO DÕI NỘI BỘ (NGOÀI BBSC)\"&YEAR(A42)&"\"&B42,B42) -> INT-0012-24 | O42: Không
A43: 45462 | B43: INT-0012-24 | C43: Chuyển kho | D43: DV1100073 | E43: SERNAL-4 4MG | F43: 210971 | G43: 45423 | H43: 000131208 | I43: 19 | J43: Chuyển kho bán -> thuê, xuất về hãng | K43: Xuất | M43: =HYPERLINK("P:\7. LONG HAU\7. CAC THEO DOI TRONG QUA TRINH\4. DEVIATION- INCIDENTS\THEO DÕI NỘI BỘ (NGOÀI BBSC)\"&YEAR(A43)&"\"&B43,B43) -> INT-0012-24 | O43: Không
A44: 45462 | B44: INT-0012-24 | C44: Chuyển kho | D44: DV1100086 | E44: LAKCAY 60MG (HOP/60VIEN) | F44: 202801 | G44: 45278 | H44: LPN005919 | I44: 427 | J44: Chuyển kho bán -> thuê, xuất về hãng | K44: Xuất | M44: =HYPERLINK("P:\7. LONG HAU\7. CAC THEO DOI TRONG QUA TRINH\4. DEVIATION- INCIDENTS\THEO DÕI NỘI BỘ (NGOÀI BBSC)\"&YEAR(A44)&"\"&B44,B44) -> INT-0012-24 | O44: Không
A45: 45462 | B45: INT-0012-24 | C45: Chuyển kho | D45: DV1100033 | E45: SILVASTEN (HOP/28VIEN) | F45: 200112 | G45: 44967 | H45: 000087210 | I45: 4 | J45: Chuyển kho bán -> thuê, xuất về hãng | K45: Xuất | M45: =HYPERLINK("P:\7. LONG HAU\7. CAC THEO DOI TRONG QUA TRINH\4. DEVIATION- INCIDENTS\THEO DÕI NỘI BỘ (NGOÀI BBSC)\"&YEAR(A45)&"\"&B45,B45) -> INT-0012-24 | O45: Không
A46: 45462 | B46: INT-0012-24 | C46: Chuyển kho | D46: DV1100088 | E46: MIPROTONE-F (HOP/30VIEN) | F46: 202980 | G46: 45289 | H46: LPN006016 | I46: 34 | J46: Chuyển kho bán -> thuê, xuất về hãng | K46: Xuất | M46: =HYPERLINK("P:\7. LONG HAU\7. CAC THEO DOI TRONG QUA TRINH\4. DEVIATION- INCIDENTS\THEO DÕI NỘI BỘ (NGOÀI BBSC)\"&YEAR(A46)&"\"&B46,B46) -> INT-0012-24 | O46: Không
A47: 45462 | B47: INT-0012-24 | C47: Chuyển kho | D47: DV1100088 | E47: MIPROTONE-F (HOP/30VIEN) | F47: 202980 | G47: 45289 | H47: LPN006016 | I47: 51 | J47: Chuyển kho bán -> thuê, xuất về hãng | K47: Xuất | M47: =HYPERLINK("P:\7. LONG HAU\7. CAC THEO DOI TRONG QUA TRINH\4. DEVIATION- INCIDENTS\THEO DÕI NỘI BỘ (NGOÀI BBSC)\"&YEAR(A47)&"\"&B47,B47) -> INT-0012-24 | O47: Không
A48: 45462 | B48: INT-0012-24 | C48: Chuyển kho | D48: DV1100073 | E48: SERNAL-4 4MG | F48: 201604 | G48: 45156 | H48: 0000045006 | I48: 92 | J48: Chuyển kho bán -> thuê, xuất về hãng | K48: Xuất | M48: =HYPERLINK("P:\7. LONG HAU\7. CAC THEO DOI TRONG QUA TRINH\4. DEVIATION- INCIDENTS\THEO DÕI NỘI BỘ (NGOÀI BBSC)\"&YEAR(A48)&"\"&B48,B48) -> INT-0012-24 | O48: Không
A49: 45462 | B49: INT-0012-24 | C49: Chuyển kho | D49: DV1100058 | E49: MANDUKA 200MG (HOP/60VIEN) | F49: 192600 | G49: 44894 | H49: 000080919 | I49: 26 | J49: Chuyển kho bán -> thuê, xuất về hãng | K49: Xuất | M49: =HYPERLINK("P:\7. LONG HAU\7. CAC THEO DOI TRONG QUA TRINH\4. DEVIATION- INCIDENTS\THEO DÕI NỘI BỘ (NGOÀI BBSC)\"&YEAR(A49)&"\"&B49,B49) -> INT-0012-24 | O49: Không
A50: 45462 | B50: INT-0012-24 | C50: Chuyển kho | D50: DV1100019 | E50: LAVEZZI-5 (HOP/100VIEN) | F50: 192067 | G50: 44837 | H50: 0000009896-1 | I50: 50 | J50: Chuyển kho bán -> thuê, xuất về hãng | K50: Xuất | M50: =HYPERLINK("P:\7. LONG HAU\7. CAC THEO DOI TRONG QUA TRINH\4. DEVIATION- INCIDENTS\THEO DÕI NỘI BỘ (NGOÀI BBSC)\"&YEAR(A50)&"\"&B50,B50) -> INT-0012-24 | O50: Không
... A59: 45462 | B59: INT-0012-24 | C59: Chuyển kho | D59: DV1100054 | E59: ZABAVNIK 10MG | F59: 201026 | G59: 45099 | H59: 000107167 | I59: 120 | J59: Chuyển kho bán -> thuê, xuất về hãng | K59: Xuất | M59: =HYPERLINK("P:\7. LONG HAU\7. CAC THEO DOI TRONG QUA TRINH\4. DEVIATION- INCIDENTS\THEO DÕI NỘI BỘ (NGOÀI BBSC)\"&YEAR(A59)&"\"&B59,B59) -> INT-0012-24 | O59: Không
A60: 45462 | B60: INT-0013-24 | C60: Trả về - Release | D60: DV1100168 | E60: SERNAL 2MG - EU | F60: 241164 | G60: 46535 | H60: LPN006939 | I60: 23 | J60: Chờ đơn chỉ định | K60: Đơn chỉ định | L60: Đã xuất ngày 25/06/2024 | M60: =HYPERLINK("P:\7. LONG HAU\7. CAC THEO DOI TRONG QUA TRINH\4. DEVIATION- INCIDENTS\THEO DÕI NỘI BỘ (NGOÀI BBSC)\"&YEAR(A60)&"\"&B60,B60) -> INT-0013-24 | O60: Không
A61: 45464 | B61: INT-0014-24 | C61: Planning xác nhận | D61: DV1100160 | E61: CERAHEAD (HOP/60VIEN) - EU | F61: 240587 | G61: 46486.75 | H61: 000140936 | I61: 14 | J61: Plan xác nhận hủy | K61: Hủy | M61: =HYPERLINK("P:\7. LONG HAU\7. CAC THEO DOI TRONG QUA TRINH\4. DEVIATION- INCIDENTS\THEO DÕI NỘI BỘ (NGOÀI BBSC)\"&YEAR(A61)&"\"&B61,B61) -> INT-0014-24 | O61: Không
A62: 45464 | B62: INT-0014-24 | C62: Planning xác nhận | D62: DV1100160 | E62: CERAHEAD (HOP/60VIEN) - EU | F62: 240589 | G62: 46486.75 | H62: 000140937 | I62: 35 | J62: Plan xác nhận hủy | K62: Hủy | M62: =HYPERLINK("P:\7. LONG HAU\7. CAC THEO DOI TRONG QUA TRINH\4. DEVIATION- INCIDENTS\THEO DÕI NỘI BỘ (NGOÀI BBSC)\"&YEAR(A62)&"\"&B62,B62) -> INT-0014-24 | O62: Không
A63: 45464 | B63: INT-0014-24 | C63: Planning xác nhận | D63: NV1100088 | E63: BEPRASAN 20MG (H/VI/ 10V). | F63: NN4995 | G63: 45984.75 | H63: 000140938 | I63: 12 | J63: Plan xác nhận hủy | K63: Hủy | M63: =HYPERLINK("P:\7. LONG HAU\7. CAC THEO DOI TRONG QUA TRINH\4. DEVIATION- INCIDENTS\THEO DÕI NỘI BỘ (NGOÀI BBSC)\"&YEAR(A63)&"\"&B63,B63) -> INT-0014-24 | O63: Không
A64: 45464 | B64: INT-0015-24 | C64: Yêu cầu hãng | D64: BK364490 | E64: ORSIRO 3.0/18 | F64: 07232361 | G64: 45881 | H64: M0001210 | I64: 1 | J64: Chờ xuất mẫu về cho hãng | K64: Xuất | M64: =HYPERLINK("P:\7. LONG HAU\7. CAC THEO DOI TRONG QUA TRINH\4. DEVIATION- INCIDENTS\THEO DÕI NỘI BỘ (NGOÀI BBSC)\"&YEAR(A64)&"\"&B64,B64) -> INT-0015-24 | O64: Không
A65: 45464 | B65: INT-0015-24 | C65: Yêu cầu hãng | D65: BK364509 | E65: ORSIRO 3.5/26 | F65: 04223460 | G65: 45414 | H65: M0001210 | I65: 1 | J65: Chờ xuất mẫu về cho hãng | K65: Xuất | M65: =HYPERLINK("P:\7. LONG HAU\7. CAC THEO DOI TRONG QUA TRINH\4. DEVIATION- INCIDENTS\THEO DÕI NỘI BỘ (NGOÀI BBSC)\"&YEAR(A65)&"\"&B65,B65) -> INT-0015-24 | O65: Không
A66: 45464 | B66: INT-0015-24 | C66: Yêu cầu hãng | D66: BK391235 | E66: ORSIRO 2.5/35 | F66: 05231315 | G66: 45814 | H66: M0001209 | I66: 1 | J66: Chờ xuất mẫu về cho hãng | K66: Xuất | M66: =HYPERLINK("P:\7. LONG HAU\7. CAC THEO DOI TRONG QUA TRINH\4. DEVIATION- INCIDENTS\THEO DÕI NỘI BỘ (NGOÀI BBSC)\"&YEAR(A66)&"\"&B66,B66) -> INT-0015-24 | O66: Không
A67: 45464 | B67: INT-0016-24 | C67: Yêu cầu hãng | D67: WO1100005 | E67: ALFA – LIPOGAMMA 600 ORAL BOX/30.S | F67: 21F114 | G67: 45458 | H67: 000141661 | I67: 3 | J67: Hãng yêu cầu thu hồi => chuyển hủy | K67: Hủy | M67: =HYPERLINK("P:\7. LONG HAU\7. CAC THEO DOI TRONG QUA TRINH\4. DEVIATION- INCIDENTS\THEO DÕI NỘI BỘ (NGOÀI BBSC)\"&YEAR(A67)&"\"&B67,B67) -> INT-0016-24 | O67: Không
A68: 45464 | B68: INT-0016-24 | C68: Yêu cầu hãng | D68: WO1100006 | E68: ALFA – LIPOGAMMA 600 ORAL BOX/100.S | F68: 21F112 | G68: 45457 | H68: 000141662 | I68: 32 | J68: Hãng yêu cầu thu hồi => chuyển hủy | K68: Hủy | M68: =HYPERLINK("P:\7. LONG HAU\7. CAC THEO DOI TRONG QUA TRINH\4. DEVIATION- INCIDENTS\THEO DÕI NỘI BỘ (NGOÀI BBSC)\"&YEAR(A68)&"\"&B68,B68) -> INT-0016-24 | O68: Không
A69: 45470 | B69: INT-0017-24 | C69: Yêu cầu hãng | D69: SC6100006 | E69: DIABETONE (H/30 VIEN) | F69: DIA2161PA | G69: 45535 | H69: 000139240 | I69: 5 | J69: Cận date | K69: Hủy | M69: =HYPERLINK("P:\7. LONG HAU\7. CAC THEO DOI TRONG QUA TRINH\4. DEVIATION- INCIDENTS\THEO DÕI NỘI BỘ (NGOÀI BBSC)\"&YEAR(A69)&"\"&B69,B69) -> INT-0017-24 | O69: Không
A70: 45474 | B70: INT-0018-24 | C70: Planning xác nhận | D70: HY6100004 | E70: THUC PHAM BAO VE SUC KHOE OCEAN HEALTH VITAMIN D3 1000IU | F70: VE0120 | G70: 46053 | H70: 000142629 | I70: 200 | J70: Lỗi do vận chuyển nhiệt độ cao | K70: Hủy | M70: =HYPERLINK("P:\7. LONG HAU\7. CAC THEO DOI TRONG QUA TRINH\4. DEVIATION- INCIDENTS\THEO DÕI NỘI BỘ (NGOÀI BBSC)\"&YEAR(A70)&"\"&B70,B70) -> INT-0018-24 | O70: Không
A71: 45475 | B71: INT-0019-24 | C71: Yêu cầu hãng | D71: ST9-ASD-020 | E71: Amplatzer Septal Occluder 20mm | F71: 7125404 | G71: 45504 | H71: M0001429 | I71: 1 | J71: Đã có Credit INV từ hãng => Chuyển hủy | K71: Hủy | L71: Viện Tim | M71: =HYPERLINK("P:\7. LONG HAU\7. CAC THEO DOI TRONG QUA TRINH\4. DEVIATION- INCIDENTS\THEO DÕI NỘI BỘ (NGOÀI BBSC)\"&YEAR(A71)&"\"&B71,B71) -> INT-0019-24 | O71: Không
A72: 45475 | B72: INT-0019-24 | C72: Yêu cầu hãng | D72: ST9-ASD-024 | E72: Amplatzer Septal Occluder 24mm | F72: 9094838 | G72: 46904 | H72: M0001429 | I72: 1 | J72: Đã có Credit INV từ hãng => Chuyển hủy | K72: Hủy | L72: Viện Tim | M72: =HYPERLINK("P:\7. LONG HAU\7. CAC THEO DOI TRONG QUA TRINH\4. DEVIATION- INCIDENTS\THEO DÕI NỘI BỘ (NGOÀI BBSC)\"&YEAR(A72)&"\"&B72,B72) -> INT-0019-24 | O72: Không
A73: 45475 | B73: INT-0019-24 | C73: Yêu cầu hãng | D73: ST9-ITV08F180/80 | E73: Amplatzer TorqVue Delivery System PDA 8F | F73: 7854083 | G73: 45322 | H73: M0001429 | I73: 1 | J73: Đã có Credit INV từ hãng => Chuyển hủy | K73: Hủy | L73: Viện Tim | M73: =HYPERLINK("P:\7. LONG HAU\7. CAC THEO DOI TRONG QUA TRINH\4. DEVIATION- INCIDENTS\THEO DÕI NỘI BỘ (NGOÀI BBSC)\"&YEAR(A73)&"\"&B73,B73) -> INT-0019-24 | O73: Không
A74: 45475 | B74: INT-0019-24 | C74: Yêu cầu hãng | D74: ST9-ASD-030 | E74: Amplatzer Septal Occluder 30mm | F74: 7983754 | G74: 46142 | H74: M0001429 | I74: 1 | J74: Đã có Credit INV từ hãng => Chuyển hủy | K74: Hủy | L74: Chợ Rẫy | M74: =HYPERLINK("P:\7. LONG HAU\7. CAC THEO DOI TRONG QUA TRINH\4. DEVIATION- INCIDENTS\THEO DÕI NỘI BỘ (NGOÀI BBSC)\"&YEAR(A74)&"\"&B74,B74) -> INT-0019-24 | O74: Không
A75: 45475 | B75: INT-0019-24 | C75: Yêu cầu hãng | D75: ST9-ASD-010 | E75: Amplatzer Septal Occluder 10mm | F75: 7893093 | G75: 46081 | H75: M0001429 | I75: 1 | J75: Đã có Credit INV từ hãng => Chuyển hủy | K75: Hủy | L75: Đà Nẵng: đã nhận tại ĐN | M75: =HYPERLINK("P:\7. LONG HAU\7. CAC THEO DOI TRONG QUA TRINH\4. DEVIATION- INCIDENTS\THEO DÕI NỘI BỘ (NGOÀI BBSC)\"&YEAR(A75)&"\"&B75,B75) -> INT-0019-24 | O75: Không
A76: 45481 | B76: INT-0020-24 | C76: Yêu cầu hãng | D76: BS1100002 | E76: UTROGESTAN 200MG | F76: 241367 | G76: 46446 | H76: 000143325 | I76: 590 | J76: Chuyển chờ huỷ | K76: Hủy | L76: CNHN | M76: =HYPERLINK("P:\7. LONG HAU\7. CAC THEO DOI TRONG QUA TRINH\4. DEVIATION- INCIDENTS\THEO DÕI NỘI BỘ (NGOÀI BBSC)\"&YEAR(A76)&"\"&B76,B76) -> INT-0020-24 | O76: Không
A77: 45482 | B77: INT-0021-24 | C77: Yêu cầu hãng | D77: BK419150 | E77: ORSIRO MISSION 2.5/40 | F77: 11234962 | G77: 46024 | H77: M0001309 | I77: 1 | J77: Chờ xuất mẫu về cho hãng | K77: Xuất | M77: =HYPERLINK("P:\7. LONG HAU\7. CAC THEO DOI TRONG QUA TRINH\4. DEVIATION- INCIDENTS\THEO DÕI NỘI BỘ (NGOÀI BBSC)\"&YEAR(A77)&"\"&B77,B77) -> INT-0021-24 | O77: Không
A78: 45429 | B78: INT-0022-24 | C78: Planning xác nhận | D78: SA1200007 | E78: CORDARONE 150MG/3ML INJ B/6 AMPS VN | F78: DA096 | G78: 45505 | H78: 000137999 | I78: 83 | J78: Hàng trả về cận date, BV đa khoa phú yên tự ý trả về. THÙNG XỐP VƯỢT ĐỘ | K78: Chuyển Huỷ | L78: Chị Lan xác nhận | M78: =HYPERLINK("P:\7. LONG HAU\7. CAC THEO DOI TRONG QUA TRINH\4. DEVIATION- INCIDENTS\THEO DÕI NỘI BỘ (NGOÀI BBSC)\"&YEAR(A78)&"\"&B78,B78) -> INT-0022-24 | O78: Không
A79: 45484 | B79: INT-0023-24 | C79: Planning xác nhận | D79: BS1300011 | E79: OESTROGEL 0.06% PUMP - PACK 80G 1.S | F79: 75632 | G79: 46507 | H79: 000143888 | I79: 10 | J79: Đơn hàng đặc biệt, có mail xác nhận từ chị Dương - Plan | K79: Bán | L79: Mail chị Dương | M79: =HYPERLINK("P:\7. LONG HAU\7. CAC THEO DOI TRONG QUA TRINH\4. DEVIATION- INCIDENTS\THEO DÕI NỘI BỘ (NGOÀI BBSC)\"&YEAR(A79)&"\"&B79,B79) -> INT-0023-24 | O79: Không
A80: 45484 | B80: INT-0023-24 | C80: Planning xác nhận | D80: BS1300008 | E80: REGELLE | F80: 716M | G80: 45991 | H80: 000143889 | I80: 11 | J80: Đơn hàng đặc biệt, có mail xác nhận từ chị Dương - Plan | K80: Bán | L80: Mail chị Dương | M80: =HYPERLINK("P:\7. LONG HAU\7. CAC THEO DOI TRONG QUA TRINH\4. DEVIATION- INCIDENTS\THEO DÕI NỘI BỘ (NGOÀI BBSC)\"&YEAR(A80)&"\"&B80,B80) -> INT-0023-24 | O80: Không
A81: 45489 | B81: INT-0024-24 | C81: PAP | D81: AZ | E81: TAGRISSO PA TAB 80MG BL 3X10 EA VN | F81: FLLM | G81: 46124 | H81: 000144285 | I81: 1 | J81: PAP Hàng thu hồi do người bệnh chưa sử dụng hết | K81: Hủy | L81: BV175, hàng PAP | M81: =HYPERLINK("P:\7. LONG HAU\7. CAC THEO DOI TRONG QUA TRINH\4. DEVIATION- INCIDENTS\THEO DÕI NỘI BỘ (NGOÀI BBSC)\"&YEAR(A81)&"\"&B81,B81) -> INT-0024-24
A82: 45491 | B82: INT-0025-24 | C82: Yêu cầu hãng | D82: BK364503 | E82: ORSIRO 3.5/22 | F82: 01242306 | G82: 46070 | H82: M0001388 | I82: 1 | J82: TTBYT hư hỏng trả hãng | K82: Xuất | L82: Mail hãng | M82: =HYPERLINK("P:\7. LONG HAU\7. CAC THEO DOI TRONG QUA TRINH\4. DEVIATION- INCIDENTS\THEO DÕI NỘI BỘ (NGOÀI BBSC)\"&YEAR(A82)&"\"&B82,B82) -> INT-0025-24 | O82: Không
A83: 45495 | B83: INT-0026-24 | C83: Trả về - release | D83: AB1100005 | E83: DUSPATALIN RETARD CAP 200MG 30.S | F83: 726187 | G83: 46265 | H83: 000144723 | I83: 1 | J83: Hàng trả về bị móp, hold cs chờ ra đơn | K83: Xuất | L83: mail CS và GSDP | M83: =HYPERLINK("P:\7. LONG HAU\7. CAC THEO DOI TRONG QUA TRINH\4. DEVIATION- INCIDENTS\THEO DÕI NỘI BỘ (NGOÀI BBSC)\"&YEAR(A83)&"\"&B83,B83) -> INT-0026-24 | O83: Không
A84: 45497 | B84: INT-0027-24 | C84: Yêu cầu hãng | D84: SC6100019 | E84: WELLBABY MULTI-VITAMIN LIQUID (CHAI 150ML) | F84: 21501 | G84: 45535 | H84: 000145535 | I84: 89 | J84: hàng trả về xuất mẫu trả hãng | K84: Xuất | L84: Mail CS | M84: =HYPERLINK("P:\7. LONG HAU\7. CAC THEO DOI TRONG QUA TRINH\4. DEVIATION- INCIDENTS\THEO DÕI NỘI BỘ (NGOÀI BBSC)\"&YEAR(A84)&"\"&B84,B84) -> INT-0027-24 | O84: Không
A85: 45497 | B85: INT-0027-24 | C85: Yêu cầu hãng | D85: SC6100017 | E85: WELLKID MULTI-VITAMIN LIQUID (CHAI/150ML) | F85: 21571 | G85: 45535 | H85: 000145536 | I85: 60 | J85: hàng trả về xuất mẫu trả hãng | K85: Xuất | L85: Mail CS | M85: =HYPERLINK("P:\7. LONG HAU\7. CAC THEO DOI TRONG QUA TRINH\4. DEVIATION- INCIDENTS\THEO DÕI NỘI BỘ (NGOÀI BBSC)\"&YEAR(A85)&"\"&B85,B85) -> INT-0027-24 | O85: Không
A86: 45497 | B86: INT-0027-24 | C86: Yêu cầu hãng | D86: SC6100003 | E86: FEROGLOBIN B12 CAPSULES (H/30 VIEN) | F86: FW2402PA | G86: 46418 | H86: 000145532 | I86: 1 | J86: hàng trả về xuất mẫu trả hãng | K86: Xuất | L86: Mail CS Đã xuất mẫu về hãng | M86: =HYPERLINK("P:\7. LONG HAU\7. CAC THEO DOI TRONG QUA TRINH\4. DEVIATION- INCIDENTS\THEO DÕI NỘI BỘ (NGOÀI BBSC)\"&YEAR(A86)&"\"&B86,B86) -> INT-0027-24 | O86: Không
A87: 45497 | B87: INT-0028-24 | C87: Yêu cầu hãng | D87: SA5211012 | E87: VAXIGRIP TETRA BOX OF 1 SYR 0.5ML (NH) | F87: X3G082V | G87: 45504 | H87: 000145286 | I87: 1144 | J87: Thu hồi theo yêu cầu của hãng | K87: Xuất | L87: Xuất 24.07.2024 | M87: =HYPERLINK("P:\7. LONG HAU\7. CAC THEO DOI TRONG QUA TRINH\4. DEVIATION- INCIDENTS\THEO DÕI NỘI BỘ (NGOÀI BBSC)\"&YEAR(A87)&"\"&B87,B87) -> INT-0028-24 | O87: Không
A88: 45503 | B88: INT-0029-24 | C88: Trả về - CXL | D88: LU1100002 | E88: SEROQUEL XR TAB 200MG 30'S (HOP/30VIEN) | F88: SL151 | G88: 46145 | H88: 000146359 | I88: 2 | J88: hàng trả về xuất mẫu trả hãng | K88: Xuất | L88: Mail CS | M88: =HYPERLINK("P:\7. LONG HAU\7. CAC THEO DOI TRONG QUA TRINH\4. DEVIATION- INCIDENTS\THEO DÕI NỘI BỘ (NGOÀI BBSC)\"&YEAR(A88)&"\"&B88,B88) -> INT-0029-24 | O88: Không
A89: 45502 | B89: INT-0030-24 | C89: Chuyển kho | D89: ST9-ITV08F180/80 | E89: TORQVUE DELIVERY SYSTEM PDA 8F | F89: 7854083 | G89: 45322 | H89: M0001429 | I89: 1 | J89: Chuyển kho chờ trả hãng | K89: Hủy | L89: Mail Ngọc Anh- TBYT | M89: =HYPERLINK("P:\7. LONG HAU\7. CAC THEO DOI TRONG QUA TRINH\4. DEVIATION- INCIDENTS\THEO DÕI NỘI BỘ (NGOÀI BBSC)\"&YEAR(A89)&"\"&B89,B89) -> INT-0030-24 | O89: Không
A90: 45502 | B90: INT-0030-24 | C90: Chuyển kho | D90: ST9-ASD-020 | E90: AMPLATZER SEPTAL OCCLUDER 20MM | F90: 7125404 | G90: 45504 | H90: M0001429 | I90: 1 | J90: Chuyển kho chờ trả hãng | K90: Hủy | L90: Mail Ngọc Anh- TBYT | M90: =HYPERLINK("P:\7. LONG HAU\7. CAC THEO DOI TRONG QUA TRINH\4. DEVIATION- INCIDENTS\THEO DÕI NỘI BỘ (NGOÀI BBSC)\"&YEAR(A90)&"\"&B90,B90) -> INT-0030-24 | O90: Không
A91: 45502 | B91: INT-0030-24 | C91: Chuyển kho | D91: ST9-ASD-030 | E91: AMPLATZER SEPTAL OCCLUDER 30MM | F91: 7983754 | G91: 46142 | H91: M0001429 | I91: 1 | J91: Chuyển kho chờ trả hãng | K91: Hủy | L91: Mail Ngọc Anh- TBYT | M91: =HYPERLINK("P:\7. LONG HAU\7. CAC THEO DOI TRONG QUA TRINH\4. DEVIATION- INCIDENTS\THEO DÕI NỘI BỘ (NGOÀI BBSC)\"&YEAR(A91)&"\"&B91,B91) -> INT-0030-24 | O91: Không
A92: 45502 | B92: INT-0030-24 | C92: Chuyển kho | D92: ST9-ASD-024 | E92: AMPLATZER SEPTAL OCCLUDER 24MM | F92: 9094838 | G92: 46904 | H92: M0001429 | I92: 1 | J92: Chuyển kho chờ trả hãng | K92: Hủy | L92: Mail Ngọc Anh- TBYT | M92: =HYPERLINK("P:\7. LONG HAU\7. CAC THEO DOI TRONG QUA TRINH\4. DEVIATION- INCIDENTS\THEO DÕI NỘI BỘ (NGOÀI BBSC)\"&YEAR(A92)&"\"&B92,B92) -> INT-0030-24 | O92: Không
A93: 45502 | B93: INT-0030-24 | C93: Chuyển kho | D93: ST9-ASD-010 | E93: AMPLATZER SEPTAL OCCLUDER 10MM | F93: 7893093 | G93: 46081 | H93: M0001429 | I93: 1 | J93: Chuyển kho chờ trả hãng | K93: Hủy | L93: Mail Ngọc Anh- TBYT | M93: =HYPERLINK("P:\7. LONG HAU\7. CAC THEO DOI TRONG QUA TRINH\4. DEVIATION- INCIDENTS\THEO DÕI NỘI BỘ (NGOÀI BBSC)\"&YEAR(A93)&"\"&B93,B93) -> INT-0030-24 | O93: Không
A94: 45503 | B94: INT-0031-24 | C94: Chuyển kho | D94: AZ1200002 | E94: ZOLADEX 3.6 MG DEPOT 1.S | F94: SK762 | G94: 45867 | H94: 000146363 | I94: 3 | J94: Chuyển kho chờ trả hãng | K94: Xuất | M94: =HYPERLINK("P:\7. LONG HAU\7. CAC THEO DOI TRONG QUA TRINH\4. DEVIATION- INCIDENTS\THEO DÕI NỘI BỘ (NGOÀI BBSC)\"&YEAR(A94)&"\"&B94,B94) -> INT-0031-24 | O94: Có
A95: 45503 | B95: INT-0031-24 | C95: Chuyển kho | D95: DV1100160 | E95: CERAHEAD (HOP/60VIEN) - EU | F95: 241055 | G95: 46524 | H95: 000146368 | I95: 8 | M95: =HYPERLINK("P:\7. LONG HAU\7. CAC THEO DOI TRONG QUA TRINH\4. DEVIATION- INCIDENTS\THEO DÕI NỘI BỘ (NGOÀI BBSC)\"&YEAR(A95)&"\"&B95,B95) -> INT-0031-24 | O95: Không
A96: 45503 | B96: INT-0031-24 | C96: Chuyển kho | D96: DV1100160 | E96: CERAHEAD (HOP/60VIEN) - EU | F96: 241052 | G96: 46524 | H96: 000146367 | I96: 25 | M96: =HYPERLINK("P:\7. LONG HAU\7. CAC THEO DOI TRONG QUA TRINH\4. DEVIATION- INCIDENTS\THEO DÕI NỘI BỘ (NGOÀI BBSC)\"&YEAR(A96)&"\"&B96,B96) -> INT-0031-24 | O96: Không
A97: 45503 | B97: INT-0031-24 | C97: Chuyển kho | D97: DV1100202 | E97: HATLOP-150 (HOP/100VIEN) - EU | F97: 240892 | G97: 46514 | H97: 000146370 | I97: 1 | M97: =HYPERLINK("P:\7. LONG HAU\7. CAC THEO DOI TRONG QUA TRINH\4. DEVIATION- INCIDENTS\THEO DÕI NỘI BỘ (NGOÀI BBSC)\"&YEAR(A97)&"\"&B97,B97) -> INT-0031-24 | O97: Không
A98: 45503 | B98: INT-0031-24 | C98: Chuyển kho | D98: DV1100160 | E98: CERAHEAD (HOP/60VIEN) - EU | F98: 241058 | G98: 46524 | H98: 000146369 | I98: 10 | M98: =HYPERLINK("P:\7. LONG HAU\7. CAC THEO DOI TRONG QUA TRINH\4. DEVIATION- INCIDENTS\THEO DÕI NỘI BỘ (NGOÀI BBSC)\"&YEAR(A98)&"\"&B98,B98) -> INT-0031-24 | O98: Không
A99: 45503 | B99: INT-0032-24 | C99: Trả về - CXL | D99: HY7300043 | E99: VCI GLYCOLIC ACID PEEL 70% (SAC 10S) | F99: WJ0276 | G99: 46295 | H99: 000146355 | I99: 69 | J99: Hàng thu hồi | K99: Chưa xác định | L99: CC_460724 | M99: =HYPERLINK("P:\7. LONG HAU\7. CAC THEO DOI TRONG QUA TRINH\4. DEVIATION- INCIDENTS\THEO DÕI NỘI BỘ (NGOÀI BBSC)\"&YEAR(A99)&"\"&B99,B99) -> INT-0032-24 | O99: Không
A100: 45504 | B100: INT-0033-24 | C100: Yêu cầu hãng | D100: SC6100014 | E100: LIVERIL (H/30 VIEN) | F100: LV2114P | G100: 45504 | H100: 000146501 | J100: Chuyển kho chờ trả hãng | K100: Chưa xác định | L100: Mail Trinh Kho | M100: =HYPERLINK("P:\7. LONG HAU\7. CAC THEO DOI TRONG QUA TRINH\4. DEVIATION- INCIDENTS\THEO DÕI NỘI BỘ (NGOÀI BBSC)\"&YEAR(A100)&"\"&B100,B100) -> INT-0033-24
A101: 45504 | B101: INT-0033-24 | C101: Yêu cầu hãng | D101: SC6100019 | E101: WELLBABY MULTI-VITAMIN LIQUID (CHAI 150ML) | F101: 21501 | G101: 45535 | H101: 000146502 | J101: Chuyển kho chờ trả hãng | K101: Chưa xác định | M101: =HYPERLINK("P:\7. LONG HAU\7. CAC THEO DOI TRONG QUA TRINH\4. DEVIATION- INCIDENTS\THEO DÕI NỘI BỘ (NGOÀI BBSC)\"&YEAR(A101)&"\"&B101,B101) -> INT-0033-24
A102: 45504 | B102: INT-0033-24 | C102: Yêu cầu hãng | D102: SC6100011 | E102: PERFECTIL (H/30 VIEN) | F102: PFT21116P | G102: 45504 | H102: 000146503 | J102: Chuyển kho chờ trả hãng | K102: Chưa xác định | M102: =HYPERLINK("P:\7. LONG HAU\7. CAC THEO DOI TRONG QUA TRINH\4. DEVIATION- INCIDENTS\THEO DÕI NỘI BỘ (NGOÀI BBSC)\"&YEAR(A102)&"\"&B102,B102) -> INT-0033-24
A103: 45504 | B103: INT-0033-24 | C103: Yêu cầu hãng | D103: SC6100006 | E103: DIABETONE (H/30 VIEN) | F103: DIA2161PA | G103: 45535 | H103: 000146499 | J103: Chuyển kho chờ trả hãng | K103: Chưa xác định | M103: =HYPERLINK("P:\7. LONG HAU\7. CAC THEO DOI TRONG QUA TRINH\4. DEVIATION- INCIDENTS\THEO DÕI NỘI BỘ (NGOÀI BBSC)\"&YEAR(A103)&"\"&B103,B103) -> INT-0033-24
A104: 45504 | B104: INT-0033-24 | C104: Yêu cầu hãng | D104: SC6100014 | E104: LIVERIL (H/30 VIEN) | F104: LV2111P | G104: 45504 | H104: 000146500 | J104: Chuyển kho chờ trả hãng | K104: Chưa xác định | M104: =HYPERLINK("P:\7. LONG HAU\7. CAC THEO DOI TRONG QUA TRINH\4. DEVIATION- INCIDENTS\THEO DÕI NỘI BỘ (NGOÀI BBSC)\"&YEAR(A104)&"\"&B104,B104) -> INT-0033-24
A105: 45504 | B105: INT-0034-24 | C105: Trả về - CXL | D105: SC6100002 | E105: FEROGLOBIN B12 LIQUID 200ML | F105: 40120 | G105: 46022 | H105: LPN007199 | I105: 1 | J105: chuyển chờ xử lý 15.08.2024: kho đổi hàng trực tiếp. LPN này trở thành hàng nguyên vẹn chuyển bán | L105: Mail Trinh Kho | M105: =HYPERLINK("P:\7. LONG HAU\7. CAC THEO DOI TRONG QUA TRINH\4. DEVIATION- INCIDENTS\THEO DÕI NỘI BỘ (NGOÀI BBSC)\"&YEAR(A105)&"\"&B105,B105) -> INT-0034-24
A106: 45509 | B106: INT-0035-24 | C106: Trả về - CXL | D106: SC6100015 | E106: PREGNACARE PLUS OMEGA 3 (H/56 VIEN) | F106: PP2212 | G106: 45565 | H106: 000146930 | I106: 64 | J106: Hàng cận hạn | K106: Chờ trả hãng | L106: Mail Trinh Kho | M106: =HYPERLINK("P:\7. LONG HAU\7. CAC THEO DOI TRONG QUA TRINH\4. DEVIATION- INCIDENTS\THEO DÕI NỘI BỘ (NGOÀI BBSC)\"&YEAR(A106)&"\"&B106,B106) -> INT-0035-24
A107: 45509 | B107: INT-0035-24 | C107: Trả về - CXL | D107: SC6100012 | E107: CARDIOACE (H/30 VIEN) | F107: 157479 | G107: 45535 | H107: 000146931 | I107: 5 | J107: Hàng cận hạn | K107: Chờ trả hãng | L107: Mail Trinh Kho | M107: =HYPERLINK("P:\7. LONG HAU\7. CAC THEO DOI TRONG QUA TRINH\4. DEVIATION- INCIDENTS\THEO DÕI NỘI BỘ (NGOÀI BBSC)\"&YEAR(A107)&"\"&B107,B107) -> INT-0035-24
A108: 45510 | B108: INT-0036-24 | C108: Chi nhánh | D108: SC6 | H108: 000146885 or 000146884 or 000146887 or 000146888 or 000146886 | J108: Hàng cận hạn | K108: Chuyển Hủy | M108: =HYPERLINK("P:\7. LONG HAU\7. CAC THEO DOI TRONG QUA TRINH\4. DEVIATION- INCIDENTS\THEO DÕI NỘI BỘ (NGOÀI BBSC)\"&YEAR(A108)&"\"&B108,B108) -> INT-0036-24
...

Sheet Sheet1
A2: 1 | B2: Kho Long Hậu | C2: 25032025 | D2: 28888 | E2: AZ1112001 | F2: CALQUENCE PA CAP 100MG BL 10X6 EA VN | G2: ABFF | H2: 46466 | I2: CN CONG TY TNHH DUOC PHAM & TTBYT HOANG DUC | J2: D.vụ bảo quản | K2: Đã kiểm
A3: 2 | B3: Kho Long Hậu | C3: 25032025 | D3: 28888 | E3: AZ1112005 | F3: TAGRISSO PA TAB 80MG BL 3X10 EA VN | G3: FLTB | H3: 46426 | I3: CN CONG TY TNHH DUOC PHAM & TTBYT HOANG DUC | J3: D.vụ bảo quản | K3: Đã kiểm
A4: 3 | B4: Kho Long Hậu | C4: 25032025 | D4: 28888 | E4: AZ1100006 | F4: LYNPARZA 150 MG7 BLISTERS X 8 FILM-COATED TABLETS | G4: SK052 | H4: 46347 | I4: CN CONG TY TNHH DUOC PHAM & TTBYT HOANG DUC | J4: D.vụ bảo quản | K4: Đã kiểm
G12: HOANGDUC | H12: DV1100225 | I12: TEGRUCIL-1 (HOP/100VIEN) - EU | J12: 241600 | K12: 01/07/27 | L12: 000183597 | M12: 20.000 | N12: RAD | O12: HOLD | P12: VD-27453-17 | Q12: 51-359493
G13: HOANGDUC | H13: DV1100225 | I13: TEGRUCIL-1 (HOP/100VIEN) - EU | J13: 241600 | K13: 01/07/27 | L13: 000183598 | M13: 5.000 | N13: RAD | O13: HOLD | P13: VD-27453-17 | Q13: 51-359493
G14: HOANGDUC | H14: DV1100225 | I14: TEGRUCIL-1 (HOP/100VIEN) - EU | J14: 241600 | K14: 01/07/27 | L14: 000183636 | M14: 5.240 | N14: RAD | O14: HOLD | P14: VD-27453-17 | Q14: 51-359549
G15: HOANGDUC | H15: DV1100225 | I15: TEGRUCIL-1 (HOP/100VIEN) - EU | J15: 241600 | K15: 01/07/27 | L15: 000183637 | M15: 1.000 | N15: RAD | O15: HOLD | P15: VD-27453-17 | Q15: 51-359549
G21: HOANGDUC | H21: SC6100004 | I21: OSTEOCARE (H/30 VIEN) | J21: OT2201P | K21: 46053 | L21: 193070 | M21: 56 | N21: RAD | O21: HOLD | P21: 0 | Q21: 8615/2019/ĐKSP | R21: 51-384058
G22: HOANGDUC | H22: SC6100004 | I22: OSTEOCARE (H/30 VIEN) | J22: OT2203P | K22: 46053 | L22: 193071 | M22: 16 | N22: RAD | O22: HOLD | P22: 0 | Q22: 8615/2019/ĐKSP | R22: 51-384063
G23: HOANGDUC | H23: SC6100004 | I23: OSTEOCARE (H/30 VIEN) | J23: OT2204P | K23: 46053 | L23: 193072 | M23: 54 | N23: RAD | O23: HOLD | P23: 0 | Q23: 8615/2019/ĐKSP | R23: 51-384064
G24: HOANGDUC | H24: SC6100015 | I24: PREGNACARE PLUS OMEGA 3 (H/56 VIEN) | J24: PP2324 | K24: 46053 | L24: 193073 | M24: 17 | N24: RAD | O24: HOLD | P24: 0 | Q24: 9184/2019/ĐKSP | R24: 51-384066
F28: M00106 | G28: SC6100007 | H28: JOINTACE (H/30 VIEN) | I28: 162793 | J28: 45930 | K28: 201690 | L28: 29 | M28: STAGE | N28: HOLD | O28: 0 | P28: 10281/2019/ĐKSP | Q28: 33049
F29: M00106 | G29: SC6100007 | H29: JOINTACE (H/30 VIEN) | I29: 163763 | J29: 46022 | K29: 201689 | L29: 2 | M29: STAGE | N29: HOLD | O29: 0 | P29: 10281/2019/ĐKSP | Q29: 33049
