Workbook

Sheet 2024
D1: BIỂU MẪU 02/ FORM 02 DANH SÁCH KHIẾU NẠI KHÁCH HÀNG NĂM 2024 LIST OF CUSTOMER COMPLAINTS - YEAR 2024
A3: STT No. | B3: Ngày date | C3: Code CC- | D3: Tên khách hàng Customer | E3: Địa chỉ address | F3: Tên sản phẩm Product name | G3: Số Lô batch No. | H3: NSX Mfg date | I3: HD Exp date | J3: Đơn vị tính Unit | K3: Số Lượng Quanity | L3: Lý do khiếu nại Reason of complaint | M3: Tình trạng status | N3: Xuất mẫu sang văn phòng hãng | O3: Tình trạng | P3: NCC | Q3: Yêu cầu điều tra
A4: 1 | B4: 45295 | C4: CC_010124 | D4: CHI NHANH HA NOI-CONG TY CO PHAN DUOC PHAM FPT LONG CHAU | E4: TO DAN PHO 4, THI TRAN QUANG MINH, HUYEN ME LINH, HA NOI | F4: PLENDIL PLUS 5/50 MG PROLONGED-RELEASE TABLET BOTTLE 30'S | G4: MANS | H4: NA | I4: 45584 | J4: Hộp | K4: 1 | L4: Vỏ ngoài hộp thuốc có lô MANS date 19/10/2024 Bên trong hộp thuốc lại có lô MANC hạn là 16/11/2023 (HẾT HẠN) | M4: - Do hàng mua từ CÔNG TY TNHH THƯƠNG MẠI VÀ DP SANG nên Plan sẽ gửi thông tin cho CÔNG TY TNHH THƯƠNG MẠI VÀ DP SANG về complaint này - Nhận được phản hồi từ nhà sản xuất ngày 25/01/2024--> Lỗi không từ nhà sản xuất - Tiến hành đổi trả cho khách -->Hoàn tất | N4: þ | O4: x
A5: 2 | B5: 45296 | C5: CC_020124 | D5: BENH VIEN TAM THAN | E5: 766 VO VAN KIET, P1, QUAN 5, TP. HCM | F5: DEPAKINE CHRONO 500MG TUBE OF 30 TABS VN | G5: EA3158 | H5: NA | I5: 46174 | J5: Hộp | K5: 1 | L5: Hộp bị nứt, thuốc bị dính nhau (có đính kèm hình ảnh, video) | M5: - Đã báo hãng - Nhận được hướng xử lý ngày 08/01/2024 - Ngày 15/01/2024, hàng khiếu nại về kho -->Hoàn tất | O5: x
A6: 3 | B6: 45301 | C6: CC_030124 HUY | D6: BENH VIEN VUNG TAU | E6: SO 27, DUONG 2/9 PHUONG 11, THANH PHO VUNG TAU, TINH BA RIA VUNG TAU | F6: LANTUS SOLOSTAR 100IU/ML B/5 PENS X 3ML | G6: 3F8891A | H6: NA | I6: 46053 | J6: Bút | K6: 1 | L6: Một bút Lantus Solostar không tiêm được | M6: - Đã báo hãng - Hãng không chấp nhận khiếu nại do kim novofine 31g 6mm không nằm trong danh sách kim tiêm tương thích với Lantus Solostar - Ngày 16/01/2024, sau khi trao đổi, thu mẫu của khách gửi nhà máy điều tra, sau khi có kết quả điều tra từ nhà máy mới tiến hành đền bù với khách Nhận được hướng xử lý ngày 11/01/2024 --> Hủy khiếu nại do khách không thể cung cấp chứng từ theo yêu cầu --> Hoàn tất | N6: þ | O6: x
A7: 4 | B7: 45300 | C7: CC_040124-HN | D7: CONG TY CO PHAN DAU TU DICH VU Y TE THE MEDCARE – CN HAI PHONG | E7: TẦNG 3-4 TÒA NHÀ DUY KHÁNH, SỐ 2 LÔ 22, PHƯỜNG ĐÔNG KHÊ, QUẬN NGÔ QUYỀN, HẢI PHÒNG | F7: BRUFEN SUSPENSION 60ML | G7: 53246XP | H7: NA | I7: 46169 | J7: Hộp | K7: 19 | L7: Sản phẩm bị lỗi bung nắp | M7: - khiếu nại lặp lại xử lý như CC_641123 | N7: þ | O7: x
A8: 5 | B8: 45303 | C8: CC_050124 | D8: HO KINH DOANH CHERRY SHOP | E8: DUONG CHU VAN AN, THON HIEP HOA, XA TAN HAI, THI XA LA GI, TINH BINH THUAN | F8: FONTACTIV® COMPLETE (VANILLA 800G) | G8: 3062-146 | H8: NA | I8: 45963 | J8: Lon | K8: 2 | L8: Sản phẩm bị móp trong thùng nguyên | M8: - Báo Plan complaint hãng - Nhận được hướng xuất mẫu cho hãng ngày 16/01/2024 Ngày 22/01/2024 hàng khiếu nại về kho -->Hoàn tất | N8: þ | O8: x
A9: 6 | B9: 45303 | C9: CC_060124 | D9: PHONG KHAM DA KHOA VICTORIA - CONG TY TNHH DUOC PHAM ATIPHARM | E9: 20 -20 BIS - 22 DINH TIEN HOANG, PHUONG DA KAO, QUAN 1, THANH PHO HO CHI MINH | F9: BRUFEN SUSPENSION 60ML | G9: 53246XP | H9: NA | I9: 46169 | J9: Hộp | K9: 34 | L9: Sản phẩm bị lỗi bung nắp | M9: Gửi trả hãng như các khiếu nại trước --->Hoàn tất | N9: þ | O9: x
A10: 7 | B10: 45309 | C10: CC_070124-HN | D10: BENH VIEN K TAN TRIEU | E10: 30 Đ. CẦU BƯƠU, TÂN TRIỀU, THANH TRÌ, HÀ NỘI | F10: ERANFU | G10: K230144 | H10: NA | I10: 45658 | J10: Hộp | K10: 1 | L10: Lỗi không có kim tiêm | M10: - Hàng được điều chuyển về kho LH để hủy | O10: x
A11: 8 | B11: 45321 | C11: CC_080124 | D11: NHA THUOC TAY THANG | E11: 129 NGUYEN TRAI, DIEN KHANH, KHANH HOA | F11: BRUFEN SUSPENSION 60ML | G11: 53246XP | H11: NA | I11: 46169 | J11: Hộp | K11: 3 | L11: Sản phẩm bị lỗi bung nắp | M11: Gửi trả hãng như các khiếu nại trước --->Hoàn tất | N11: þ | O11: x
A12: 9 | B12: 45323 | C12: CC_090224 | D12: KHACH HANG VANG LAI-HCM | E12: 12 NGUYEN HIEN, P4, QUAN 3, TP.HCM | F12: C SCAPE+ SERUM 30ML | G12: WG0208 | H12: NA | I12: 45991 | J12: Hộp | K12: 1 | L12: Tình trạng không đóng nắp chai kỹ, bị rò rỉ dung dịch ướt cả bên trong hộp | M12: -Gửi hãng thông tin - Chấp nhận đổi hàng cho khách - Hướng xử lý và đền bù hãng sẽ thông báo sau. Chi phí đền bù ban đầu sẽ charge vào chi phí công ty --->Hoàn tất | O12: x
A13: 10 | B13: 45327 | C13: CC_100224 | D13: NHA THUOC PHONG KHAM DA KHOA MINH HAI | E13: 214 LY THUONG KIET, KHOM 3, PHUONG 6, THANH PHO CA MAU, TINH CA MAU | F13: BRUFEN SUSPENSION 60ML | G13: 53247XP | H13: NA | I13: 46171 | J13: Hộp | K13: 3 | L13: Khi mở hộp khui ra thì nắp bị nứt | M13: Gửi trả hãng như các khiếu nại trước --->Hoàn tất | N13: þ | O13: x
A14: 11 | B14: 45341 | C14: CC_110224 | D14: PHONG TIEM CHUNG TANIMED | E14: SO 73, DUONG 30/04, PHUONG 3, TP. TAY NINH, TINH TAY NINH | F14: MENACTRA BOX OF 1 VIAL | G14: U7771BC | H14: NA | I14: 45535 | J14: Hộp | K14: 1 | L14: Không có thuốc | M14: -Gửi hãng thông tin - Ngày 19/02/2024, hãng chấp nhận khiếu nại 22/04 mẫu về kho | N14: þ | O14: x
A15: 12 | B15: 45341 | C15: CC_120224 | D15: BENH VIEN TAM THAN | E15: 766 VO VAN KIET, P1, QUAN 5, TP. HCM | F15: DEPAKINE CHRONO 500MG TUBE OF 30 TABS VN | G15: EA3159 | H15: 07/2023 | I15: 46174 | J15: Hộp | K15: 1 | L15: Trong hộp có 1 viên bị nứt đôi, chỉ phát hiện nửa viên, không phát hiện nửa viên còn lại | M15: -Gửi hãng thông tin - Nhận được hướng xử lý 20/02/2024 - Ngày 29/02/2024, hàng khiếu nại về kho, phát hiện số lô lọ và số lô trên hộp không khớp với nhau. Lý do khách báo nhầm lô. Báo email cho hãng cập nhật thông tin --->Hoàn tất | O15: x
A16: 13 | B16: 45341 | C16: CC_130224-HUY | D16: CHI NHANH CONG TY CO PHAN BENH VIEN DA KHOA TAM ANH TP. HO CHI MINH - KHOA DUOC (BVTP) | E16: 2B PHO QUANG, PHUONG 2, QUAN TAN BINH, TP. HO CHI MINH, VIET NAM | F16: TOUJEO SOLOSTAR 450IU B/5 PENS X 1.5ML | G16: 3F599A | H16: NA | I16: 45777 | J16: Bút | K16: 1 | L16: Sử dụng bút tiêm Toujeo Solostar với liều 18UI/ngày, dùng kim tiêm Novofine 6 mm, sau khi tiêm thì thấy máu xuất hiện trong uống chứa thuốc, lắc thì máu tan ra hết | M16: -Gửi hãng thông tin ngày 19/02/2024 - Hãng chấp nhận khiếu nại 03/04/2024: Hủy khiếu nại do khách đồng ý thu hồi mẫu, và cũng không yêu cầu đổi hàng --->Hoàn tất | N16: þ | O16: x
A17: 14 | B17: 45348 | C17: CC_140224 | D17: BENH VIEN QUAN 7 | E17: 101 NGUYEN THI THAP, P.TAN PHU, QUAN 7, TPHCM | F17: RYZONAL (HOP/60VIEN) - EU | G17: 232652 | H17: NA | I17: 46367 | J17: hộp | K17: 1 | L17: Vỉ thuốc bên trong bị móp méo | M17: 03/04/2024 : nhận được hướng xử lý từ hãng và nhận công văn giải trình ---> Hoàn tất | N17: þ | O17: x
A18: 15 | B18: 45349 | C18: CC_150224 HUY | D18: BENH VIEN QUAN PHU NHUAN | E18: 274 NGUYEN TRONG TUYEN, PHUONG 8, QUAN PHU NHUAN, TP. HO CHI MINH | F18: LANTUS SOLOSTAR 100IU/ML B/5 PENS X 3ML | G18: 3F8891A | H18: 02/2023 | I18: 46053 | J18: Bút | K18: 1 | L18: Phần bấm của bút tiêm bị kẹt. Đây là bút mới, chưa bấm được nên chưa sử dụng (Khách hàng đã biết sử dụng Lantus và đã thực hiện các bước) | M18: - Gửi thông tin cho hãng ngày 27/02/2024 --> Hủy khiếu nại do khách không cung cấp được các chứng từ liên quan --> Hoàn tất | O18: x
A19: 16 | B19: 45350 | C19: CC_160224 | D19: KHOA DUOC BENH VIEN HUNG VUONG | E19: 128 HONG BANG, QUAN 5, TPHCM | F19: HEXAXIM BOX OF 1 PRE-FILLED SYRINGE + 2 NEEDLES | G19: NA | H19: NA | I19: NA | J19: NA | K19: NA | L19: Khi quét mã QR trên vỏ hộp sản phẩm Hexaxim, không hiển thị được thông tin sản phẩm | M19: - Đã báo hãng ngày 29/02/2024 - Nhận được câu trả lời từ hãng ngày 29/02/2024 --> Hoàn tất | O19: x
A20: 17 | B20: 45351 | C20: CC_170324 | D20: PHONG KHAM DA KHOA VICTORIA - CONG TY TNHH DUOC PHAM ATIPHARM | E20: 135A Nguyễn Văn Trỗi, Phú Nhuận TPHCM | F20: BRUFEN SUSPENSION 60ML | G20: 53247XP | H20: NA | I20: 46171 | J20: Chai | K20: 84 | L20: Khi mở hộp khui ra thì nắp bị nứt | M20: - Báo Plan complaint hãng - Đổi hàng cho khách - 21/03/2024: Hàng về kho --> Hoàn tất | O20: x
A21: 18 | B21: 45352 | C21: CC_180324 | D21: CONG TY TNHH DUOC PHAM MEDX | E21: TANG 1, SO 18 L1-5 VSIP II,DUONG SO 3, KCN VIET NAM-SINGAPORE II,HOA PHU, TP THU DAU MOT, BINH DUONG | F21: 1. Dầu gội 50 megumi ngăn ngừa rụng tóc (chai/250ml) 2. Sữa rửa mặt acnes vitamin cleanser rohto (t/50gr) | G21: 1.LZ01A 2.KZ01 | H21: NA | I21: 1.16/12/2026 2.06/11/2026 | J21: Chai Tuýp | K21: 1 | L21: Sản phẩm bị chảy Dính lem từ dầu gội | M21: - Đổi hàng cho khách - 18/03/2024: Hàng về kho --> Hoàn tất | O21: x
A22: 19 | B22: 45366 | C22: CC_190324-HUY | D22: BENH VIEN DA KHOA TAM ANH | E22: 2B Đ. Phổ Quang, Phường 2, Tân Bình, Thành phố Hồ Chí Minh | F22: APIDRA SOLOTAR 300UI/3ML | G22: 3F869A | H22: NA | I22: 45689 | J22: Bút | K22: 1 | L22: Khách hàng khi sử dụng bút tiêm phát hiện có cặn trắng bên trong ống đựng | M22: - Đã báo hãng ngày 15/03/2024 - Nhận được hướng xử lí ngày 19/03/2024 -02/04/2024: Bệnh viện xác nhận hủy ca khiếu nại này và không hỗ trợ thu mẫu ---> Hoàn tất | N22: þ | O22: x
A23: 20 | B23: 45376 | C23: CC_200324 | D23: BENH VIEN NHI DONG 2 | E23: 14 Lý Tự Trọng, Bến Nghé, Quận 1, Thành phố Hồ Chí Minh | F23: LOVENOX 40MG/0.4ML INJ. B/ 2 SYRINGES VN | G23: FS806A | H23: NA | I23: 45566 | J23: NA | K23: NA | L23: Điều kiện bảo quản được in trên nhãn thùng khác với thông tin được in trên hộp (Nhãn thùng: dưỡi 25 độ C Được in trên hộp: không quá 30 độ C) | M23: - Đã báo hãng ngày 25/03/2024 - Nhận được công văn phản hồi ngày 25/03/2024 và đã thông tin ngay cho khách hàng - Khách hàng yêu cầu thêm công văn (gửi bản giấy) --> Hoàn tất | O23: x
A24: 21 | B24: 45377 | C24: CC_210324 | D24: PHONG TIEM CHUNG VAC CIN NHAN AN | E24: 152, Quốc lộ 27, thôn 13, xã Ea Tiêu, huyện Cư Kuin, tỉnh Đắk Lắk | F24: HEXAXIM BOX OF 1 PRE-FILLED SYRINGE + 2 NEEDLES | G24: W3G601V | H24: NA | I24: 46142 | J24: Hộp | K24: 1 | L24: 1 hộp hexaxim bị thiếu lọ thuốc | M24: - Đã báo hãng ngày 26/03/2024 - Nhận được hướng xử lí ngày 26/03/2024 (đổi hàng và thu mẫu về VP Sanofi) - Xuất mẫu cho hãng ngày 30/07/2024 --> Hoàn tất | N24: þ | O24: x
A25: 22 | B25: 45378 | C25: CC_220324-HN | D25: CHI NHANH HA NOI-CONG TY CO PHAN DUOC PHAM FPT LONG CHAU | E25: TO DAN PHO 4, THI TRAN QUANG MINH, HUYEN ME LINH, HA NOI | F25: ALUMINIUMPHOSPHAT GEL (HOP/20 GOI) | G25: 221766 | H25: NA | I25: 19/08/2025 | J25: Hộp | K25: 1 | L25: Dung dịch thuốc bị rò rỉ thấm ra vỏ hộp | M25: 29/03/2024:Đã báo hãng 01/04/2024: Nhận được mail hãng yêu cầu gửi mẫu 1 hộp về hãng --> Hoàn tất | O25: x
A26: 23 | B26: 45379 | C26: CC_230324 | D26: CONG TY CO PHAN BENH CIEN DA KHOA MY DUC | E26: 79 Nguyễn Thị Nhỏ, Phường 9, Tân Bình, Thành phố Hồ Chí Minh | F26: CALCIUM CORBIERE EXTRA 3SUPX10 5ML VN | G26: DVH2160 | H26: NA | I26: 45736 | J26: Hộp | K26: 1 | L26: 1 hộp không có thuốc bên trong | M26: - Đã báo hãng ngày 28/03/2024 - Nhận được hướng xử lí ngày 01/04/2024 (đổi hàng và thu mẫu về VP Sanofi) --> Hoàn tất | N26: þ | O26: x
A27: 24 | B27: 45380 | C27: CC_240324 HUY | D27: NHA THUOC BENH VIEN DA KHOA TAM MINH DUC | E27: 177 Nguyễn Thái Sơn, Phường 4, Gò Vấp, Thành phố Hồ Chí Minh | F27: LANTUS SOLOSTAR 100IU/ML B/5 PENS X 3ML | G27: 2F8396A | H27: NA | I27: 01/2025 | J27: Bút | K27: 1 | L27: 1 bút Lantus không thể bấm xuống được | M27: 29/03/2024: Đã báo hãng 04/04/2024: Nhà thuốc đã kiểm tra và test lại thì bút Lantus đã sử dụng được bình thường, trước đây do lỗi bệnh nhân sử dụng kim bị cong đầu dưới, sau khi thay kim khác thì bút hoạt động tốt ---> Hủy khiếu nại ---> Hoàn tất | O27: x
A28: 25 | B28: 45380 | C28: CC_250324-HN-HUY | D28: CHI NHANH HA NOI-CONG TY CO PHAN DUOC PHAM FPT LONG CHAU | E28: TO DAN PHO 4, THI TRAN QUANG MINH, HUYEN ME LINH, HA NOI | F28: ALUMINIUMPHOSPHAT GEL (HOP/20 GOI) | G28: 221766 | H28: NA | I28: 19/08/2025 | J28: Hộp | K28: 1 | L28: Dung dịch thuốc bị rò rỉ thấm ra vỏ hộp | M28: Khách hàng hủy khiếu nại do không chờ được thời gian điều tra ---> Hoàn tất | O28: x
A29: 26 | B29: 45383 | C29: CC_260424-ĐN | D29: BENH VIEN DA KHOA KHU VUC BONG SON | E29: Số 2699 Quang Trung, phường Bồng Sơn, thị xã Hoài Nhơn, tỉnh Bình Định | F29: FORTRAGET | G29: 058M03 | H29: 27/05/2023 | I29: 27/05/2025 | J29: Lọ | K29: 1 | L29: Khi viện cấp cho bệnh nhân, test thử thì xịt không ra thuốc | M29: 01/04/2024: đã báo hãng 01/04/2024: Nhận được hướng xử lý ngày (đổi hàng cho khách và thu hồi mẫu về vp hãng ) --> Hoàn tất | O29: x
A30: 27 | B30: 45394 | C30: CC_270424 | D30: CONG TY TNHH TRUNG TAM Y KHOA PASTEUR DA LAT | E30: Số 16 đường Lê Hồng Phong, phường 4, Thành phố Đà Lạt, Lâm Đồng | F30: HEXAXIM BOX OF 1 PRE-FILLED SYRINGE + 2 NEEDLES | G30: W3G601V | H30: NA | I30: 30/04/2026 | J30: Hộp | K30: 1 | L30: Bị thiếu bơm tiêm | M30: 12/04/2024: đã báo hãng 12/04/2024: Nhận hướng xử lý (đổi hàng cho khách + mẫu thu về sẽ trả Sanofi theo đợt)--> Hoàn tất | O30: x
A31: 28 | B31: 45401 | C31: CC_280424 | D31: HO KINH DOANH PHONG KHAM 30 TRAN NHAT DUAT | E31: Số 30 Trần Nhật Duật, phường Tân Lợi, Tp. Buôn Ma Thuột, Đak Lak | F31: ENTEROGERMINA,4BCFU/5ML,SP,BT20,VN | G31: 3I154 | H31: 07/2023 | I31: 06/2025 | J31: Ống | K31: 10 | L31: Sản phẩm Enterogermina 4 tỷ bào tử có sự khác thường về mặt cảm quan: màu sắc thuốc ngả màu hơi vàng, có cặn đục màu hơi vàng ở đầu ống thuốc; có cát bụi, nấm mốc bao quanh bên ngoài vỏ ống thuốc và phía trong vỏ hộp. | M31: 19/04/2024: hãng gửi thông tin HĐ và xác nhận khiếu nại về chất lượng 20/04/2024: mail CS hướng xử lý (thu mẫu về vp sanofi + đổi hàng cho khách) 09/05/2024: nhập kho --> Hoàn tất | O31: x
A32: 29 | B32: 45404 | C32: CC_290424 | D32: TRUNG TAM Y TE HUYEN XUAN LOC | E32: NGA 3 SUOI CAT, XA SUOI CAT, H. XUAN LOC, DONG NAI | F32: TOUJEO SOLOSTAR 450IU B/5 PENS X 1.5ML | G32: 3F817A | H32: NA | I32: 45961 | J32: Bút | K32: 1 | L32: Bút tiêm bị phồng nút cao su | M32: 23/04/2024: đã báo hãng 26/04/2024: Nhận hướng xử lý (đổi hàng cho khách + mẫu thu về sẽ trả Sanofi theo đợt) --> Hoàn tất | O32: x
A33: 30 | B33: 45415 | C33: CC_300524 | D33: BENH VIEN UNG BUOU-CO SO 2 | E33: SO 12 DUONG 400, KHU PHO 3, PHUONG TAN PHU, THANH PHO THU DUC, TP. HO CHI MINH | F33: ZOLADEX 3.6 MG DEPOT 1'S | G33: SK762 | H33: NA | I33: 45837 | J33: Hộp | K33: 1 | L33: Khi bơm thuốc cho bệnh nhân thì phát hiện pít tông ống thuốc không bơm được | M33: 04/05/2024: đã báo hãng 07/05/2024: Nhận hướng xử lý ( đổi hàng cho khách + mẫu thu về sẽ trả AZ theo đợt) 10/05/2024: Nhập kho --> Hoàn tất | O33: x
A34: 31 | B34: 45419 | C34: CC_310524 | D34: BENH VIEN DA KHOA KHU VUC THU DUC | E34: 64 LE VAN CHI, PHUONG LINH TRUNG, THANH PHO THU DUC, TP. HO CHI MINH | F34: TARGOSID 400MG/3ML INJPO VLSX1 VN | G34: 1J5561 | H34: NA | I34: 31/05/2024 | J34: Lọ | K34: 23 | L34: Sản phẩm bị đổi màu | M34: 06/05/2024: đã báo hãng 03/07/2024: gửi mail chờ phản hồi từ KH 19/07/2024: KH chưa rep, mail remind 19/07/2024: Sau khi email đến hãng nhận được thông tin như sau" ca này Sanofi không đổi trả/ đền bù vì không có lỗi sản phẩm.Sanofi cũng đã hoàn tất điều tra và đóng khiếu nại theo quy trình nội bộ và phù hợp với luật định." Và Hoàng Đức cũng đã cố gắng liên hệ khách nhưng không nhận được phản hồi nào thêm Do đó QA sẽ close case này ---> Hoàn tất | O34: x
A35: 32 | B35: 45426 | C35: CC_320524 HUY | D35: TRUNG TAM Y TE HUYEN DON DUONG, LAM DONG | E35: 46 PHAM NGOC THACH, THANH MY, DON DUONG, LAM DONG | F35: LANTUS SOLOSTAR 100IU/ML B/5 PENS X 3ML | G35: 3F9097A | H35: NA | I35: 46142 | J35: Bút | K35: 2 | L35: Không bấm được | M35: 14/05/2024: đã báo hãng 28/05/2024: nhận hướng xử lý từ hãng (thu hồi + gửi mẫu về vp Sanofi) 30/05/2024: khách hủy khiếu nại do không còn yêu cầu hỗ trợ đổi trả hàng --> Hoàn tất | N35: þ | O35: x
A36: 33 | B36: 45429 | C36: CC_330524 | D36: CONG TY TNHH TRUNG TAM Y KHOA PASTEUR DA LAT | E36: SO 16 DUONG LE HONG PHONG, PHUONG 4, THANH PHO DA LAT, TINH LAM DONG | F36: WELLBABY MULTI-VITAMIN LIQUID (CHAI 150ML) | G36: 31308 | H36: NA | I36: 45869 | J36: Hộp | K36: 1 | L36: Bị rách vỏ hộp | M36: 17/05/2024: đã báo hãng VE 20/05/2024: nhận hướng xử lý từ hãng (đổi hàng + nhập kho damage chờ xử lý) 27/05/2024: nhập kho ---> Hoàn tất | O36: x
A37: 34 | B37: 45433 | C37: CC_340524 | D37: BVDK LONG AN | E37: 211 NGUYEN THONG, PHUONG 3, TP TAN AN , TINH LONG AN | F37: DEPAKINE 200MG TABEC TB40 | G37: 2RX28 | H37: NA | I37: 11/2025 | J37: Hộp | K37: 1 | L37: Sản phẩm bị nứt ngoài vỏ hộp nhựa và thuốc bị chảy, ẩm ướt | M37: 21/05/2024: đã báo hãng + nhận hướng xử lý (đổi hàng + trả hàng theo đợt) 18/06/2024: nhập kho --> Hoàn tất | O37: x
A38: 35 | B38: 45433 | C38: CC_350524 | D38: CONG TY CO PHAN Y TE CHAN VAN | E38: 541/21 SU VAN HANH, PHUONG 13, QUAN TAN BINH, TP. HO CHI MINH | F38: ADACEL BOX OF 1 VIAL | G38: 2CA07C3 | H38: NA | I38: 45596 | J38: Hộp | K38: 1 | L38: Vaccine có mảng trắng và lắc không tan | M38: 21/05/2024: đã báo hãng + nhận khiếu nại 27/05/2024: hãng báo thu mẫu về vp Sanofi 18/06/2024: nhập kho--> Hoàn tất | N38: þ | O38: x
A39: 36 | B39: 45443 | C39: CC_360524 | D39: BENH VIEN BA RIA VUNG TAU | E39: 686 DUONG VO VAN KIET, PHUONG LONG TAM, THANH PHO BA RIA, TINH BA RIA VUNG TAU | F39: THUC PHAM DINH DUONG Y HOC FORTIMEL PROTEIN (HUONG VANI) | G39: 111341678 111325237 | H39: 31/01/2024 05/12/2023 | I39: 30/01/2025 04/12/2024 | J39: Chai | K39: 1 | L39: Có lẫn 1 chai lô 111325237 trong lốc lô 111341678 | M39: 04/06/2024: đã báo hãng Danone 21/06/2024: nhận phản hồi từ hãng --> Hoàn tất | O39: x
A40: 37 | B40: 45443 | C40: CC_370524 | D40: KHOA DUOC BENH VIEN VIET PHAP | E40: SO 1 PHUONG MAI - DONG DA - HN | F40: THUC PHAM DINH DUONG Y HOC FORTIMEL PROTEIN (HUONG VANI) | G40: 111341678 | H40: 31/01/2024 | I40: 30/01/2025 | J40: Chai | K40: NA | L40: Số lô trên chai và lốc khác nhau, nhưng cùng hạn dùng | M40: 04/06/2024: đã báo hãng Danone 21/06/2024: nhận phản hồi từ hãng --> Hoàn tất | O40: x
A41: 38 | B41: 45448 | C41: CC_380624 | D41: CÔNG TY TNHH THƯƠNG MẠI VÀ DƯỢC PHẨM SANG | E41: 11/9 Ngô Quang Huy, Phường Thảo Điền, Tp.Thủ Đức, Tp.Hồ Chí Minh | F41: IMOJEV 0.5ML 1DOSE | G41: 08A2306GA 08A2305GA | H41: NA | I41: 22/05/2026 15/05/2026 | J41: Lọ | K41: 2 | L41: Thể tích dung môi dư 0,1ml so với quy định. | M41: 06/06/2024: đã báo Sanofi 03/07/2024: chờ phản hồi email từ hãng 26/07/2024: nhận được phản hồi từ nhà máy SNF 29/07/2024: khách confirm đã nhận thông tin ---> Hoàn tất | O41: x
A42: 39 | B42: 45449 | C42: CC_390624 | D42: HO KINH DOANH NHA THUOC BINH DAN 3 | E42: 6A, DUONG D400, PHUONG TAN PHU, THANH PHO THU DUC, THANH PHO HO CHI MINH | F42: THUC PHAM DINH DUONG Y HOC FORTIMEL PROTEIN (HUONG DAU) | G42: 111337731 | H42: 45298 | I42: 45663 | J42: Chai | K42: 1 | L42: Sản phẩm tách lớp, phần nước trong tách lớp, nổi lên trên | M42: 11/06/2024: đã báo hãng Danone 17/06/2024: đổi hàng cho khách trước 27/06/2024: nhập kho--> Hoàn tất | O42: x
A43: 40 | B43: 45454 | C43: CC_400624 | D43: NHA THUOC BENH VIEN DA LIEU | E43: 12/1 DUONG 3 THANG 2 , P. HUNG LOI, Q. NINH KIEU, TP. CAN THO | F43: VCI GLYCOLIC ACID PEEL 70% (SAC 10S) | G43: WJ0276 | H43: NA | I43: 46295 | J43: Hộp | K43: 1 | L43: 1 hộp bị lỗi trong đó có 04 gói chảy dung dịch, 06 gói bị nhăn nhúm | M43: 11/06/2024: đã báo hãng Hyphens 12/06/2024: nhận hướng xử lý từ hãng (đổi hàng cấn trừ công nợ) 21/06/2024: nhập kho--> Hoàn tất | O43: x
B44: 45471 | C44: CC_410624 | D44: BENH VIEN THANH PHO THU DUC | E44: 29 PHU CHAU, PHUONG TAM PHU, THANH PHO THU DUC, THANH PHO HO CHI MINH | F44: LANTUS SOLOSTAR 100IU/ML B/5 PENS X 3ML | G44: 3F9322A | H44: NA | I44: 08/2026 | J44: Bút | K44: 2 | L44: Bút tiêm không vặn theo chiều chỉnh liều và bấm nút để tiêm được | M44: 28/06/2024: nhận khiếu nại từ bệnh viện 01/07/2024: hãng đưa hướng dẫn sử dụng bút và nhờ khách hàng test lại. 01/07/2024: BV chưa liên hệ đc với bệnh nhân 11/7/2024 CS đã liên hệ lại với chị Thủy qua call center, chị Thủy có phản hồi bệnh nhân vẫn chưa quay lại bệnh viện (từ lần liên hệ trước 1/7/2024) nên những thông tin bên dưới chị Thủy chưa phản hồi cho Hoàng Đức được. Chị Thủy đồng ý tạm close case này, nếu bệnh nhân quay lại và có thông tin bên BV sẽ phản hồi cho bên Hoàng Đức. 11/07/2024, nhận được email từ CS của gigamed rằng bệnh nhân chưa được hỗ trợ về việc đổi trả . QA HĐ phản hồi cách sử dụng bút tiêm và yêu cầu bệnh nhận nếu muốn hỗ trợ hãy quay lại bệnh viện 22/07/2024, Hoàng Đức vẫn chưa nhận được bất kỳ phản hồi nào từ bệnh nhân --> do đó Hoàng Đức đóng case theo yêu cầu của bệnh viện ---> Hoàn tất | O44: x
B45: 45474 | C45: CC_420724 | D45: PHÒNG TIÊM NGỪA SAM SUM | E45: CAN PG 2-11, KHU NHA PHO VINCOM, PHAM NGU LAO, KHOM 3, PHUONG 2, TP.TRA VINH, TINH TRA VINH | F45: VAXIGRIP TETRA 0.5ML 1D INJ PS1 M12 (SH) | G45: Y3A211V | H45: NA | I45: 45657 | J45: Hộp | K45: 1 | L45: Trong hộp không có bơm kim tiêm | M45: Ngày 03/07/2024 : nhận được hướng xử lý từ hãng.
B46: 45476 | C46: CC_430724 | D46: BENH VIEN DA KHOA TAM ANH | E46: 2B Đ. Phổ Quang, Phường 2, Tân Bình, Thành phố Hồ Chí Minh | F46: APIDRA SOLOTAR 300UI/3ML | G46: 3F869A | H46: 03/2023 | I46: 28/02/2025 | J46: Bút | K46: 2 | L46: Bệnh nhân có nhận hộp 5 bút tiêm Apidra, về nhà sử dụng và BN phát hiện có cặn lắng | M46: Ngày 05/07/2024: Sau khi liên hệ bệnh viện thì nhận được thông tin bệnh viện đã nhận được đền bù từ trình dược hãng, mẫu khiếu nại sẽ được trình dược hãng gửi về nhà máy để điều tra nguyên nhân. Do đó Hoàng Đức không tiến hành đền bù và đóng case khiếu nại --> Hoàn tất | O46: x
B47: 45484 | C47: CC_440724 | D47: BENH VIEN NGUYEN TRAI | E47: 314 NGUYEN TRAI, PHUONG 8, QUAN 5, TP. HO CHI MINH | F47: HATLOP-150 (HOP/100VIEN) - EU | G47: 222543 | H47: NA | I47: 45965 | J47: Vỉ | K47: 3 | L47: Bị lỗi | M47: Ngày 11/07/2024 : đã email cho hãng Ngày 12/07/2024: chờ phản hồi từ hãng | O47: x
B48: 45484 | C48: CC_450724 | D48: BENH VIEN SAN - NHI CA MAU | E48: 85 LY THUONG KIET, P6, TP CA MAU, TINH CA MAU | F48: VAXIGRIP TETRA 0.5ML 1D INJ PS1 M12 (SH) | G48: Y3A211V Y3A741V | H48: NA | I48: 45657 | J48: NA | K48: NA | L48: Vaccin Vaxigrip Tetra có mũi kim không được sắc bén, nên khi tiêm vào khách hàng cảm giác không được như ý, hơi “sực sực”. | M48: Ngày 11/07/2024 : đã email cho hãng Ngày 12/07/2024: hãng chấp nhận khiếu nại và xin thu mẫu kim tiêm để điều tra nguyên nhân Ngày 18/07/2024: chưa nhận được câu trả lời từ khách, đã thông tin cho hãng và khách đang thu thập mẫu kim tiêm | N48: þ | O48: x
B49: 45488 | C49: CC_460724 | D49: NHA THUOC BENH VIEN DA LIEU | E49: 2 NGUYEN THONG - QUAN 3 | F49: VCI GLYCOLIC ACID PEEL 70% (SAC 10S) | G49: WJ0276 | H49: NA | I49: 46295 | J49: gói | K49: 69 | L49: Có dấu hiệu bị xì và tràn dung dịch bên trong | M49: Ngày 15/07/2024 : email đến hãng Ngày 18/07/2024: nhận được hướng xử lý đổi hàng cho khách Ngày 19/07/2024: gửi email điều tra tại kho Ngày 30/07/2024: Hàng đã được nhập trả Ngày 05/08/2024: remind gửi email hãng hỏi hướng xử lý | P49: Chưa có hướng xử lý với hàng hư tại chi nhánh và Long Hậu
B50: 45490 | C50: CC_470724 | D50: PHONG KHAM DA KHOA VICTORIA HEALTHCARE - CONG TY TNHH INTERSHOP | E50: 135A Nguyễn Văn Trỗi, Phú Nhuận TPHCM | F50: BRUFEN SUSPENSION 60ML | G50: 53247XP | H50: NA | I50: 46171 | J50: chai | K50: 11 | L50: 11 chai (trong đó lỗi 8 chai - 3 chai chưa khui) Khi mở hộp khui ra thì nắp bị nứt | M50: Khiếu nại lặp lại CC_641123 --> Hoàn tất | O50: x
B51: 19/07/2024 | C51: CC_480724 | D51: CONG TY CO PHAN KHAM CHUA BENH MINH DUC | E51: 333D DOAN HOANG MINH, P6, TP. BEN TRE, TINH BEN TRE | F51: HEXAXIM BOX OF 1 PRE-FILLED SYRINGE + 2 NEEDLES | G51: W3G845V | H51: NA | I51: 46173 | J51: Hộp | K51: 1 | L51: 1 hộp Hexaxim không có lọ thuốc bên trong | M51: ngày 19/07/2024 : email cho hãng và nhận được hướng xử lý, chấp nhận khiếu nại | O51: x
B52: 45495 | C52: CC_490724 | D52: TRUNG TAM KIEM SOAT BENH TAT TINH QUANG NGAI | E52: SO 64 BUI THI XUAN, THANH PHO QUANG NGAI, TINH QUANG NGAI | F52: VAXIGRIP TETRA 0.5ML 1D INJ PS1 M12 (SH) | G52: Y3A211V | H52: NA | I52: 45657 | J52: Hộp | K52: 1 | L52: Không có thuốc và toa | M52: Ngày 22/07/2024: email cho hãng và nhận được hướng xử lý, chấp nhận khiếu nại | O52: x
B53: 45496 | C53: CC_500724 | D53: BENH VIEN QUAN Y 7B | E53: DUONG NGUYEN AI QUOC, P. TAN TIEN, TP. BIEN HOA, TINH DONG NAI | F53: MENACTRA BOX OF 1 VIAL | G53: U7978AO | H53: NA | I53: 45801 | J53: Hộp | K53: 1 | L53: 1 hộp Menactra lượng vaccine trong lọ không đủ 0.5ml | M53: Ngày 23/07/2024: email cho hãng Ngày 24/07/2024: nhận được hướng xử lý từ hãng, chấp nhận khiếu nại, thu mẫu xuất sang văn phòng hãng | N53: þ | O53: x
B54: 45499 | C54: CC_510724 | D54: NHA THUOC BENH VIEN PHUC HOI CHUC NANG DIEU TRI BENH NGHE NGHIEP | E54: 313 AU DUONG LAN, PHUONG 2, QUAN 8, THANH PHO HO CHI MINH | F54: THUC PHAM DINH DUONG Y HOC FORTIMEL PROTEIN (HUONG DAU) THUC PHAM DINH DUONG Y HOC FORTIMEL PROTEIN (HUONG VANI) | G54: 111361948 111364284 | H54: NA | I54: 26/03/2025 28/03/2025 | J54: NA | K54: NA | L54: Hàng khách đã khui và đồng kiểm, phát hiện sai lô nên không nhận THUC PHAM DINH DUONG Y HOC FORTIMEL PROTEIN (HUONG DAU) trên chứng từ lô 111361948 date 26/03/2025, trên bao bì lô 11H4085 THUC PHAM DINH DUONG Y HOC FORTIMEL PROTEIN (HUONG VANI) trên chứng từ lô 111364284 date 28/03/2025, trên bao bì lô 15W4087 (hình ảnh đính kèm) | M54: Đây là khiếu nại lặp lại CC_370524 ---> Hoàn tất | O54: x
B55: 45499 | C55: CC_520724-ĐN | D55: BS TRAN ANH THU | E55: 66 CAO SON PHAO, PHUONG HOA AN, QUAN CAM LE, TP DA NANG | F55: PAPILOCARE (21 CANNULAS X 5ML) | G55: W0291 | H55: NA | I55: 46691 | J55: Hộp | K55: 1 | L55: Hàng BES29104 của BS TRAN ANH THU được đặt vào 22/7 và giao hàng vào 8h sáng ngày 24/7, khi nhận hàng BS kiểm tra ngoại quan không thấy vấn đề gì, nhưng đến chiều tối 25/7 khách hàng mở hộp ra kiểm tra thì phát hiện bên trong hộp có rất nhiều kiến và kiến làm tổ. (Ảnh đính kèm) | M55: 29/07/2024: QA ĐN gửi email cho Plan để fw đến hãng ---> Hoàn tất | O55: x
B56: 45504 | C56: CC_530724-HN | D56: CONG TY CO PHAN DAU TU DICH VU Y TE THE MEDCARE – CN HAI PHONG | F56: BRUFEN SUSPENSION 60ML | G56: 53247XP | H56: NA | I56: 46171 | J56: CHAI | K56: 5 | L56: Khi mở hộp khui ra thì nắp bị nứt | M56: Khiếu nại lặp lại CC_641123 ---> Hoàn tất | O56: x
B57: 45509 | C57: CC_540824 | D57: CONG TY CO PHAN KHAM CHUA BENH MINH DUC | E57: 333D DOAN HOANG MINH, P6, TP. BEN TRE, TINH BEN TRE | F57: HEXAXIM BOX OF 1 PRE-FILLED SYRINGE + 2 NEEDLES | G57: W3G845V | H57: NA | I57: 46173 | J57: HỘP | K57: 1 | L57: 1 hộp Hexaxim không có lọ thuốc bên trong | M57: Ngày 05/08/2024: gửi email cho hãng Ngày 06/08/2024: khách yêu cầu trả lời, hãng đã thông tin đến nhà máy chờ trả lời Ngày 23/08/2024: hãng gửi công văn xác nhận k ảnh hưởng chất lượng sản phẩm ---> Hoàn tất
B58: 45510 | C58: CC_550824 | D58: CONG TY TNHH BENH VIEN DA KHOA PHUONG CHI | E58: THUA DAT SO 172.TO BAN DO DHC 20-6,DUONG DX76,KHU PHO 2, PHUONG DINH HOA, THANH PHO THU DAU MOT | F58: HEXAXIM BOX OF 1 PRE-FILLED SYRINGE + 2 NEEDLES | G58: W3G845V | H58: NA | I58: 46173 | J58: Hộp | K58: 1 | L58: Vào lúc 10 giờ 13’ ngày 05/08/2024: sau khi người nhà của bé Vy Ngọc Phúc kiểm tra vỏ hộp vắc xin Hexaxim 0.5ml gồm các thông tin: tên vắc xin, hạn sử dụng và bao bì vẫn còn được niêm phong, điều dưỡng Dương Hồng Nhiên (CBCT tiêm chủng) tiến hành mở vỏ hộp và lấy vỉ chứa bút tiêm vắc xin ra bên ngoài. Khi mở màng bao vỉ chứa bút tiêm được một nửa, điều dưỡng Nhiên mới phát hiện nút cao su của bút tiêm vắc xin đã bị bung ra ngoài và nằm bên cạnh bút tiêm. Vắc xin đã bị chảy ra 01 phần trong vỉ và phần còn lại trong bút tiêm (hình đính kèm). | M58: - Báo email đến hãng và nhận được hướng xử lý xuất mẫu sang văn phòng hãng 06/09/2024: nhận và xuất mẫu cho hãng ---> Hoàn tất | N58: þ | O58: x
B59: 45511 | C59: CC_560824 | D59: NHA THUOC THIEN KIM | E59: Q12 CU XA VINH HOI, NGUYEN HUU HAO, PHUONG 6, QUAN 4, THANH PHO HO CHI MINH | F59: ESO-DR 20 (HOP/ 1 LO/ 30 VIEN) | G59: E231092 | H59: NA | I59: 45721 | J59: Hộp | K59: 2 | L59: Viên bị gãy | M59: - Ngày 08/08/2024, báo email cho hãng và nhận được hướng xử lý đổi hàng cho khách, hàng khiếu nại thu về cho vào khu vực chờ hủy ---> Hoàn tất | O59: x
B60: 45511 | C60: CC_570824-HN | D60: HO KINH DOANH MEHEAL | E60: SO 221 PHO TRAN THAI TONG, TO 3, PHUONG TRAN HUNG DAO, THANH PHO THAI BINH, TINH THAI BINH | F60: KEIKAI (HOP/60VIEN) | G60: 240071, 240072 | H60: NA | I60: 16/01/2027, 16/01/2027 | J60: Hộp | K60: 9 hộp gồm (1 hộp lô 240071 và 8 hộp lô 240072) | L60: Viên thuốc bị biến dạng, co lại | M60: Ngày 14/08/2024: hãng yêu cầu cung cấp dữ liệu nhiệt độ Ngày 15/08/2024: Thu hồi 2 mẫu về cho hãng điều tra ---> Hoàn tất
B61: 45511 | C61: CC_580824 | D61: CONG TY TNHH DUOC PHAM MEDX | E61: TANG 1, SO 18 L1-5 VSIP II,DUONG SO 3, KCN VIET NAM-SINGAPORE II,HOA PHU, TP THU DAU MOT, BINH DUONG | F61: DUNG DICH NHO MAT V.ROHTO DRYEYE 13 ML | G61: FA01 | H61: NA | I61: 46548 | J61: Hộp | K61: 1 | L61: Móp | M61: - Đã điều tra tại kho Long Hậu không phát hiện móp - hình ảnh khách gửi thùng không bị móp - yêu cầu khách gửi camera unbox hàng ngày 12/08/2024 - Vì quan hệ khách hàng nên kho đồng ý hỗ trợ đổi hàng cho khách---> Hoàn tất | O61: x
B62: 45517 | C62: CC_590824 | D62: TRUNG TAM Y TE HUYEN DI LINH | E62: Khu 10, Di Linh, Lâm Đồng | F62: LANTUS SOLOSTAR 100IU/ML B/5 PENS X 3ML | G62: 3F9097A | H62: NA | I62: 46142 | J62: Bút | K62: 1 | L62: Bị lỗi không có thuốc trong bút | M62: Truy xuất lịch sử đơn hàng không bán cho khách lô này, tuy nhiên lô này Hoàng Đức có phân phối ---> Không thể tiến hành đền bù cho khách Không đầy đủ chứng từ nếu có đền bù hoàn trả vì HĐ không bán cho TTYT lô này TTYT không cung cấp thêm hình ảnh. Do đó, Hoàng Đức và Hãng không có bất kỳ thông tin nào để điều tra cũng như hỗ trợ cho khách | O62: x
B63: 45517 | C63: CC_600824 | D63: CONG TY CO PHAN BENH VIEN DA KHOA HOAN MY DA LAT | E63: DOI LONG THO, P10, TP DA LAT, TINH LAM DONG | F63: TOUJEO SOLOSTAR 450IU B/5 PENS X 1.5ML | G63: 3F882A | H63: NA | I63: 45961 | J63: bút | K63: 1 | L63: do phần đệm cao su chỗ gắn kim vào dày hơn bình thường nên kim không xuyên qua được, không bơm thuốc ra được | M63: Nhận được hướng xử lý từ hãng Ngày 16/08/2024 thay đổi số lô do khách báo nhầm lô ---> Hoàn tất | N63: x | O63: x
B64: 45523 | C64: CC_610824 | D64: PHONG KHAM DA KHOA SAI GON-BAO LOC(NHA THUOC SAI GON – BAO LOC) | E64: 30A TRAN QUOC TOAN, PHUONG B-LAO, TP BAO LOC, TINH LAM DON | F64: RINOFIL SYRUP 2.5MG/5ML BT 15ML B/1 | G64: C230270 | H64: NA | I64: 45716 | J64: hộp | K64: 5 | L64: Chai thuốc bị chảy nước | M64: Ngày 19/08/2024: email CS xin thêm thông tin và báo email cho Planning
B65: 45523 | C65: CC_620824 | D65: CONG TY CO PHAN KHAM CHUA BENH MINH DUC | E65: 333D DOAN HOANG MINH, P6, TP. BEN TRE, TINH BEN TRE | F65: HEXAXIM BOX OF 1 PRE-FILLED SYRINGE + 2 NEEDLES | G65: W3G845V | H65: NA | I65: 46326 | J65: Hộp | K65: 1 | L65: 1 hộp Hexaxim không có lọ thuốc bên trong. Vì đây là trường hợp lỗi thứ 3 trong cùng 1 đơn hàng nên khách hàng yêu cầu công ty phải có hướng kiểm tra hàng và có công văn thu hồi nguyên lô. | M65: - Báo email cho hãng - Lỗi lặp lại lần 3 (CC_480724,CC_540824) - đền bù cho khách và hãng sẽ gửi câu trả lời sau khi hoàn tất điều tra từ nhà sản xuất
B66: 45524 | C66: CC_630824 | D66: BENH VIEN DA NANG | E66: 124 HAI PHONG, PHUONG THACH THANG, QUAN HAI CHAU, TP. DA NANG | F66: TAVANIC 500MG TABCO BL5 M36 VN | G66: 3R98A | H66: NA | I66: 46387 | J66: Vỉ | K66: 1 | L66: Quy cách 5 viên/hộp nhưng vỉ trên chỉ có 4 viên | M66: - Báo email cho hãng và nhận được hướng xử lý ---> Hoàn tất
B67: 45527 | C67: CC_640824-ĐN | D67: TRUNG TAM TIEM CHUNG VACCINE CHO TRE EM VA NGUOI LON DANAVAC | E67: 11 LE DUAN, PHUONG HAI CHAU 1, QUAN HAI CHAU, THANH PHO DA NANG, VIET NAM | F67: VERORAB BOX OF 10 VIALS | G67: W1C342V | H67: NA | I67: 45961 | J67: liều | K67: 1 | L67: piston của kim dung môi bị tuột ra, gây chảy dung môi ra ngoài | M67: - Báo email cho hãng và nhận được hướng xử lý | N67: x
D70: Người lập/ Prepared by | L70: Người duyệt/ Approved by
D71: Ký, họ và tên/ Signature, full name | L71: Ký, họ và tên/ Signature, full name

Sheet ver 10-CC_650824
D1: BIỂU MẪU 02/ FORM 02 DANH SÁCH KHIẾU NẠI KHÁCH HÀNG NĂM 2024 LIST OF CUSTOMER COMPLAINTS - YEAR 2024
A3: STT No. | B3: Ngày date | C3: Code CC- | D3: Tên khách hàng Customer | E3: Địa chỉ address | F3: Tên sản phẩm Product name | G3: Số Lô batch No. | H3: NSX Mfg date | I3: HD Exp date | J3: Đơn vị tính Unit | K3: Số Lượng Quanity | L3: Lý do khiếu nại Reason of complaint | M3: Nguyên nhân khiếu nại/ Cause of complaint | N3: Tình trạng status | O3: Xuất mẫu sang văn phòng hãng | P3: BẢO MẬT THÔNG TIN CÁ NHÂN | Q3: HÌNH THỨC NHẬN
A4: =ROW(B4)-3 -> 1 | B4: 45295 | C4: CC_010124 | D4: CHI NHANH HA NOI-CONG TY CO PHAN DUOC PHAM FPT LONG CHAU | E4: TO DAN PHO 4, THI TRAN QUANG MINH, HUYEN ME LINH, HA NOI | F4: PLENDIL PLUS 5/50 MG PROLONGED-RELEASE TABLET BOTTLE 30'S | G4: MANS | H4: NA | I4: 45584 | J4: Hộp | K4: 1 | L4: Vỏ ngoài hộp thuốc có lô MANS date 19/10/2024 Bên trong hộp thuốc lại có lô MANC hạn là 16/11/2023 (HẾT HẠN) | M4: NA | N4: - Do hàng mua từ CÔNG TY TNHH THƯƠNG MẠI VÀ DP SANG nên Plan sẽ gửi thông tin cho CÔNG TY TNHH THƯƠNG MẠI VÀ DP SANG về complaint này - Nhận được phản hồi từ nhà sản xuất ngày 25/01/2024--> Lỗi không từ nhà sản xuất - Tiến hành đổi trả cho khách -->Hoàn tất | O4: þ
A5: =ROW(B5)-3 -> 2 | B5: 45296 | C5: CC_020124 | D5: BENH VIEN TAM THAN | E5: 766 VO VAN KIET, P1, QUAN 5, TP. HCM | F5: DEPAKINE CHRONO 500MG TUBE OF 30 TABS VN | G5: EA3158 | H5: NA | I5: 46174 | J5: Hộp | K5: 1 | L5: Hộp bị nứt, thuốc bị dính nhau (có đính kèm hình ảnh, video) | M5: NA | N5: - Đã báo hãng - Nhận được hướng xử lý ngày 08/01/2024 - Ngày 15/01/2024, hàng khiếu nại về kho -->Hoàn tất
A6: =ROW(B6)-3 -> 3 | B6: 45301 | C6: CC_030124 HUY | D6: BENH VIEN VUNG TAU | E6: SO 27, DUONG 2/9 PHUONG 11, THANH PHO VUNG TAU, TINH BA RIA VUNG TAU | F6: LANTUS SOLOSTAR 100IU/ML B/5 PENS X 3ML | G6: 3F8891A | H6: NA | I6: 46053 | J6: Bút | K6: 1 | L6: Một bút Lantus Solostar không tiêm được | M6: NA | N6: - Đã báo hãng - Hãng không chấp nhận khiếu nại do kim novofine 31g 6mm không nằm trong danh sách kim tiêm tương thích với Lantus Solostar - Ngày 16/01/2024, sau khi trao đổi, thu mẫu của khách gửi nhà máy điều tra, sau khi có kết quả điều tra từ nhà máy mới tiến hành đền bù với khách Nhận được hướng xử lý ngày 11/01/2024 --> Hủy khiếu nại do khách không thể cung cấp chứng từ theo yêu cầu --> Hoàn tất | O6: þ
A7: =ROW(B7)-3 -> 4 | B7: 45300 | C7: CC_040124-HN | D7: CONG TY CO PHAN DAU TU DICH VU Y TE THE MEDCARE – CN HAI PHONG | E7: TẦNG 3-4 TÒA NHÀ DUY KHÁNH, SỐ 2 LÔ 22, PHƯỜNG ĐÔNG KHÊ, QUẬN NGÔ QUYỀN, HẢI PHÒNG | F7: BRUFEN SUSPENSION 60ML | G7: 53246XP | H7: NA | I7: 46169 | J7: Hộp | K7: 19 | L7: Sản phẩm bị lỗi bung nắp | M7: NA | N7: - khiếu nại lặp lại xử lý như CC_641123 | O7: þ
A8: =ROW(B8)-3 -> 5 | B8: 45303 | C8: CC_050124 | D8: HO KINH DOANH CHERRY SHOP | E8: DUONG CHU VAN AN, THON HIEP HOA, XA TAN HAI, THI XA LA GI, TINH BINH THUAN | F8: FONTACTIV® COMPLETE (VANILLA 800G) | G8: 3062-146 | H8: NA | I8: 45963 | J8: Lon | K8: 2 | L8: Sản phẩm bị móp trong thùng nguyên | M8: NA | N8: - Báo Plan complaint hãng - Nhận được hướng xuất mẫu cho hãng ngày 16/01/2024 Ngày 22/01/2024 hàng khiếu nại về kho -->Hoàn tất | O8: þ
A9: =ROW(B9)-3 -> 6 | B9: 45303 | C9: CC_060124 | D9: PHONG KHAM DA KHOA VICTORIA - CONG TY TNHH DUOC PHAM ATIPHARM | E9: 20 -20 BIS - 22 DINH TIEN HOANG, PHUONG DA KAO, QUAN 1, THANH PHO HO CHI MINH | F9: BRUFEN SUSPENSION 60ML | G9: 53246XP | H9: NA | I9: 46169 | J9: Hộp | K9: 34 | L9: Sản phẩm bị lỗi bung nắp | M9: NA | N9: Gửi trả hãng như các khiếu nại trước --->Hoàn tất | O9: þ
A10: =ROW(B10)-3 -> 7 | B10: 45309 | C10: CC_070124-HN | D10: BENH VIEN K TAN TRIEU | E10: 30 Đ. CẦU BƯƠU, TÂN TRIỀU, THANH TRÌ, HÀ NỘI | F10: ERANFU | G10: K230144 | H10: NA | I10: 45658 | J10: Hộp | K10: 1 | L10: Lỗi không có kim tiêm | M10: NA | N10: - Hàng được điều chuyển về kho LH để hủy --> Hoàn tất
A11: =ROW(B11)-3 -> 8 | B11: 45321 | C11: CC_080124 | D11: NHA THUOC TAY THANG | E11: 129 NGUYEN TRAI, DIEN KHANH, KHANH HOA | F11: BRUFEN SUSPENSION 60ML | G11: 53246XP | H11: NA | I11: 46169 | J11: Hộp | K11: 3 | L11: Sản phẩm bị lỗi bung nắp | M11: NA | N11: Gửi trả hãng như các khiếu nại trước --->Hoàn tất | O11: þ
A12: =ROW(B12)-3 -> 9 | B12: 45323 | C12: CC_090224 | D12: KHACH HANG VANG LAI-HCM | E12: 12 NGUYEN HIEN, P4, QUAN 3, TP.HCM | F12: C SCAPE+ SERUM 30ML | G12: WG0208 | H12: NA | I12: 45991 | J12: Hộp | K12: 1 | L12: Tình trạng không đóng nắp chai kỹ, bị rò rỉ dung dịch ướt cả bên trong hộp | M12: NA | N12: -Gửi hãng thông tin - Chấp nhận đổi hàng cho khách - Hướng xử lý và đền bù hãng sẽ thông báo sau. Chi phí đền bù ban đầu sẽ charge vào chi phí công ty --->Hoàn tất
A13: =ROW(B13)-3 -> 10 | B13: 45327 | C13: CC_100224 | D13: NHA THUOC PHONG KHAM DA KHOA MINH HAI | E13: 214 LY THUONG KIET, KHOM 3, PHUONG 6, THANH PHO CA MAU, TINH CA MAU | F13: BRUFEN SUSPENSION 60ML | G13: 53247XP | H13: NA | I13: 46171 | J13: Hộp | K13: 3 | L13: Khi mở hộp khui ra thì nắp bị nứt | M13: NA | N13: Gửi trả hãng như các khiếu nại trước --->Hoàn tất | O13: þ
A14: =ROW(B14)-3 -> 11 | B14: 45341 | C14: CC_110224 | D14: PHONG TIEM CHUNG TANIMED | E14: SO 73, DUONG 30/04, PHUONG 3, TP. TAY NINH, TINH TAY NINH | F14: MENACTRA BOX OF 1 VIAL | G14: U7771BC | H14: NA | I14: 45535 | J14: Hộp | K14: 1 | L14: Không có thuốc | M14: NA | N14: -Gửi hãng thông tin - Ngày 19/02/2024, hãng chấp nhận khiếu nại 22/04 mẫu về kho ---> Hoàn tất | O14: þ
A15: =ROW(B15)-3 -> 12 | B15: 45341 | C15: CC_120224 | D15: BENH VIEN TAM THAN | E15: 766 VO VAN KIET, P1, QUAN 5, TP. HCM | F15: DEPAKINE CHRONO 500MG TUBE OF 30 TABS VN | G15: EA3159 | H15: 07/2023 | I15: 46174 | J15: Hộp | K15: 1 | L15: Trong hộp có 1 viên bị nứt đôi, chỉ phát hiện nửa viên, không phát hiện nửa viên còn lại | M15: NA | N15: -Gửi hãng thông tin - Nhận được hướng xử lý 20/02/2024 - Ngày 29/02/2024, hàng khiếu nại về kho, phát hiện số lô lọ và số lô trên hộp không khớp với nhau. Lý do khách báo nhầm lô. Báo email cho hãng cập nhật thông tin --->Hoàn tất
A16: =ROW(B16)-3 -> 13 | B16: 45341 | C16: CC_130224-HUY | D16: CHI NHANH CONG TY CO PHAN BENH VIEN DA KHOA TAM ANH TP. HO CHI MINH - KHOA DUOC (BVTP) | E16: 2B PHO QUANG, PHUONG 2, QUAN TAN BINH, TP. HO CHI MINH, VIET NAM | F16: TOUJEO SOLOSTAR 450IU B/5 PENS X 1.5ML | G16: 3F599A | H16: NA | I16: 45777 | J16: Bút | K16: 1 | L16: Sử dụng bút tiêm Toujeo Solostar với liều 18UI/ngày, dùng kim tiêm Novofine 6 mm, sau khi tiêm thì thấy máu xuất hiện trong uống chứa thuốc, lắc thì máu tan ra hết | M16: NA | N16: -Gửi hãng thông tin ngày 19/02/2024 - Hãng chấp nhận khiếu nại 03/04/2024: Hủy khiếu nại do khách đồng ý thu hồi mẫu, và cũng không yêu cầu đổi hàng --->Hoàn tất | O16: þ
A17: =ROW(B17)-3 -> 14 | B17: 45348 | C17: CC_140224 | D17: BENH VIEN QUAN 7 | E17: 101 NGUYEN THI THAP, P.TAN PHU, QUAN 7, TPHCM | F17: RYZONAL (HOP/60VIEN) - EU | G17: 232652 | H17: NA | I17: 46367 | J17: hộp | K17: 1 | L17: Vỉ thuốc bên trong bị móp méo | M17: NA | N17: 03/04/2024 : nhận được hướng xử lý từ hãng và nhận công văn giải trình ---> Hoàn tất | O17: þ
A18: =ROW(B18)-3 -> 15 | B18: 45349 | C18: CC_150224 HUY | D18: BENH VIEN QUAN PHU NHUAN | E18: 274 NGUYEN TRONG TUYEN, PHUONG 8, QUAN PHU NHUAN, TP. HO CHI MINH | F18: LANTUS SOLOSTAR 100IU/ML B/5 PENS X 3ML | G18: 3F8891A | H18: 02/2023 | I18: 46053 | J18: Bút | K18: 1 | L18: Phần bấm của bút tiêm bị kẹt. Đây là bút mới, chưa bấm được nên chưa sử dụng (Khách hàng đã biết sử dụng Lantus và đã thực hiện các bước) | M18: NA | N18: - Gửi thông tin cho hãng ngày 27/02/2024 --> Hủy khiếu nại do khách không cung cấp được các chứng từ liên quan --> Hoàn tất
A19: =ROW(B19)-3 -> 16 | B19: 45350 | C19: CC_160224 | D19: KHOA DUOC BENH VIEN HUNG VUONG | E19: 128 HONG BANG, QUAN 5, TPHCM | F19: HEXAXIM BOX OF 1 PRE-FILLED SYRINGE + 2 NEEDLES | G19: NA | H19: NA | I19: NA | J19: NA | K19: NA | L19: Khi quét mã QR trên vỏ hộp sản phẩm Hexaxim, không hiển thị được thông tin sản phẩm | M19: NA | N19: - Đã báo hãng ngày 29/02/2024 - Nhận được câu trả lời từ hãng ngày 29/02/2024 --> Hoàn tất
A20: =ROW(B20)-3 -> 17 | B20: 45351 | C20: CC_170324 | D20: PHONG KHAM DA KHOA VICTORIA - CONG TY TNHH DUOC PHAM ATIPHARM | E20: 135A Nguyễn Văn Trỗi, Phú Nhuận TPHCM | F20: BRUFEN SUSPENSION 60ML | G20: 53247XP | H20: NA | I20: 46171 | J20: Chai | K20: 84 | L20: Khi mở hộp khui ra thì nắp bị nứt | M20: NA | N20: - Báo Plan complaint hãng - Đổi hàng cho khách - 21/03/2024: Hàng về kho --> Hoàn tất
A21: =ROW(B21)-3 -> 18 | B21: 45352 | C21: CC_180324 | D21: CONG TY TNHH DUOC PHAM MEDX | E21: TANG 1, SO 18 L1-5 VSIP II,DUONG SO 3, KCN VIET NAM-SINGAPORE II,HOA PHU, TP THU DAU MOT, BINH DUONG | F21: 1. Dầu gội 50 megumi ngăn ngừa rụng tóc (chai/250ml) 2. Sữa rửa mặt acnes vitamin cleanser rohto (t/50gr) | G21: 1.LZ01A 2.KZ01 | H21: NA | I21: 1.16/12/2026 2.06/11/2026 | J21: Chai Tuýp | K21: 1 | L21: Sản phẩm bị chảy Dính lem từ dầu gội | M21: NA | N21: - Đổi hàng cho khách - 18/03/2024: Hàng về kho --> Hoàn tất
A22: =ROW(B22)-3 -> 19 | B22: 45366 | C22: CC_190324-HUY | D22: BENH VIEN DA KHOA TAM ANH | E22: 2B PHO QUANG, PHUONG 2, QUAN TAN BINH, TP. HO CHI MINH, VIET NAM | F22: APIDRA SOLOTAR 300UI/3ML | G22: 3F869A | H22: NA | I22: 45689 | J22: Bút | K22: 1 | L22: Khách hàng khi sử dụng bút tiêm phát hiện có cặn trắng bên trong ống đựng | M22: NA | N22: - Đã báo hãng ngày 15/03/2024 - Nhận được hướng xử lí ngày 19/03/2024 -02/04/2024: Bệnh viện xác nhận hủy ca khiếu nại này và không hỗ trợ thu mẫu ---> Hoàn tất | O22: þ
A23: =ROW(B23)-3 -> 20 | B23: 45376 | C23: CC_200324 | D23: BENH VIEN NHI DONG 2 | E23: 14 Lý Tự Trọng, Bến Nghé, Quận 1, Thành phố Hồ Chí Minh | F23: LOVENOX 40MG/0.4ML INJ. B/ 2 SYRINGES VN | G23: FS806A | H23: NA | I23: 45566 | J23: NA | K23: NA | L23: Điều kiện bảo quản được in trên nhãn thùng khác với thông tin được in trên hộp (Nhãn thùng: dưỡi 25 độ C Được in trên hộp: không quá 30 độ C) | M23: NA | N23: - Đã báo hãng ngày 25/03/2024 - Nhận được công văn phản hồi ngày 25/03/2024 và đã thông tin ngay cho khách hàng - Khách hàng yêu cầu thêm công văn (gửi bản giấy) --> Hoàn tất
A24: =ROW(B24)-3 -> 21 | B24: 45377 | C24: CC_210324 | D24: PHONG TIEM CHUNG VAC CIN NHAN AN | E24: 152, Quốc lộ 27, thôn 13, xã Ea Tiêu, huyện Cư Kuin, tỉnh Đắk Lắk | F24: HEXAXIM BOX OF 1 PRE-FILLED SYRINGE + 2 NEEDLES | G24: W3G601V | H24: NA | I24: 46142 | J24: Hộp | K24: 1 | L24: 1 hộp hexaxim bị thiếu lọ thuốc | M24: NA | N24: - Đã báo hãng ngày 26/03/2024 - Nhận được hướng xử lí ngày 26/03/2024 (đổi hàng và thu mẫu về VP Sanofi) - Xuất mẫu cho hãng ngày 30/07/2024 --> Hoàn tất | O24: þ
A25: =ROW(B25)-3 -> 22 | B25: 45378 | C25: CC_220324-HN | D25: CHI NHANH HA NOI-CONG TY CO PHAN DUOC PHAM FPT LONG CHAU | E25: TO DAN PHO 4, THI TRAN QUANG MINH, HUYEN ME LINH, HA NOI | F25: ALUMINIUMPHOSPHAT GEL (HOP/20 GOI) | G25: 221766 | H25: NA | I25: 19/08/2025 | J25: Hộp | K25: 1 | L25: Dung dịch thuốc bị rò rỉ thấm ra vỏ hộp | M25: NA | N25: 29/03/2024:Đã báo hãng 01/04/2024: Nhận được mail hãng yêu cầu gửi mẫu 1 hộp về hãng --> Hoàn tất
A26: =ROW(B26)-3 -> 23 | B26: 45379 | C26: CC_230324 | D26: CONG TY CO PHAN BENH CIEN DA KHOA MY DUC | E26: 79 Nguyễn Thị Nhỏ, Phường 9, Tân Bình, Thành phố Hồ Chí Minh | F26: CALCIUM CORBIERE EXTRA 3SUPX10 5ML VN | G26: DVH2160 | H26: NA | I26: 45736 | J26: Hộp | K26: 1 | L26: 1 hộp không có thuốc bên trong | M26: NA | N26: - Đã báo hãng ngày 28/03/2024 - Nhận được hướng xử lí ngày 01/04/2024 (đổi hàng và thu mẫu về VP Sanofi) --> Hoàn tất | O26: þ
A27: =ROW(B27)-3 -> 24 | B27: 45380 | C27: CC_240324 HUY | D27: NHA THUOC BENH VIEN DA KHOA TAM MINH DUC | E27: 177 Nguyễn Thái Sơn, Phường 4, Gò Vấp, Thành phố Hồ Chí Minh | F27: LANTUS SOLOSTAR 100IU/ML B/5 PENS X 3ML | G27: 2F8396A | H27: NA | I27: 01/2025 | J27: Bút | K27: 1 | L27: 1 bút Lantus không thể bấm xuống được | M27: NA | N27: 29/03/2024: Đã báo hãng 04/04/2024: Nhà thuốc đã kiểm tra và test lại thì bút Lantus đã sử dụng được bình thường, trước đây do lỗi bệnh nhân sử dụng kim bị cong đầu dưới, sau khi thay kim khác thì bút hoạt động tốt ---> Hủy khiếu nại ---> Hoàn tất
A28: =ROW(B28)-3 -> 25 | B28: 45380 | C28: CC_250324-HN-HUY | D28: CHI NHANH HA NOI-CONG TY CO PHAN DUOC PHAM FPT LONG CHAU | E28: TO DAN PHO 4, THI TRAN QUANG MINH, HUYEN ME LINH, HA NOI | F28: ALUMINIUMPHOSPHAT GEL (HOP/20 GOI) | G28: 221766 | H28: NA | I28: 19/08/2025 | J28: Hộp | K28: 1 | L28: Dung dịch thuốc bị rò rỉ thấm ra vỏ hộp | M28: NA | N28: Khách hàng hủy khiếu nại do không chờ được thời gian điều tra ---> Hoàn tất
A29: =ROW(B29)-3 -> 26 | B29: 45383 | C29: CC_260424-ĐN | D29: BENH VIEN DA KHOA KHU VUC BONG SON | E29: Số 2699 Quang Trung, phường Bồng Sơn, thị xã Hoài Nhơn, tỉnh Bình Định | F29: FORTRAGET | G29: 058M03 | H29: 27/05/2023 | I29: 27/05/2025 | J29: Lọ | K29: 1 | L29: Khi viện cấp cho bệnh nhân, test thử thì xịt không ra thuốc | M29: NA | N29: 01/04/2024: đã báo hãng 01/04/2024: Nhận được hướng xử lý ngày (đổi hàng cho khách và thu hồi mẫu về vp hãng ) --> Hoàn tất
A30: =ROW(B30)-3 -> 27 | B30: 45394 | C30: CC_270424 | D30: CONG TY TNHH TRUNG TAM Y KHOA PASTEUR DA LAT | E30: Số 16 đường Lê Hồng Phong, phường 4, Thành phố Đà Lạt, Lâm Đồng | F30: HEXAXIM BOX OF 1 PRE-FILLED SYRINGE + 2 NEEDLES | G30: W3G601V | H30: NA | I30: 30/04/2026 | J30: Hộp | K30: 1 | L30: Bị thiếu bơm tiêm | M30: NA | N30: 12/04/2024: đã báo hãng 12/04/2024: Nhận hướng xử lý (đổi hàng cho khách + mẫu thu về sẽ trả Sanofi theo đợt)--> Hoàn tất
A31: =ROW(B31)-3 -> 28 | B31: 45401 | C31: CC_280424 | D31: HO KINH DOANH PHONG KHAM 30 TRAN NHAT DUAT | E31: Số 30 Trần Nhật Duật, phường Tân Lợi, Tp. Buôn Ma Thuột, Đak Lak | F31: ENTEROGERMINA,4BCFU/5ML,SP,BT20,VN | G31: 3I154 | H31: 07/2023 | I31: 06/2025 | J31: Ống | K31: 10 | L31: Sản phẩm Enterogermina 4 tỷ bào tử có sự khác thường về mặt cảm quan: màu sắc thuốc ngả màu hơi vàng, có cặn đục màu hơi vàng ở đầu ống thuốc; có cát bụi, nấm mốc bao quanh bên ngoài vỏ ống thuốc và phía trong vỏ hộp. | M31: NA | N31: 19/04/2024: hãng gửi thông tin HĐ và xác nhận khiếu nại về chất lượng 20/04/2024: mail CS hướng xử lý (thu mẫu về vp sanofi + đổi hàng cho khách) 09/05/2024: nhập kho --> Hoàn tất
A32: =ROW(B32)-3 -> 29 | B32: 45404 | C32: CC_290424 | D32: TRUNG TAM Y TE HUYEN XUAN LOC | E32: NGA 3 SUOI CAT, XA SUOI CAT, H. XUAN LOC, DONG NAI | F32: TOUJEO SOLOSTAR 450IU B/5 PENS X 1.5ML | G32: 3F817A | H32: NA | I32: 45961 | J32: Bút | K32: 1 | L32: Bút tiêm bị phồng nút cao su | M32: NA | N32: 23/04/2024: đã báo hãng 26/04/2024: Nhận hướng xử lý (đổi hàng cho khách + mẫu thu về sẽ trả Sanofi theo đợt) --> Hoàn tất
A33: =ROW(B33)-3 -> 30 | B33: 45415 | C33: CC_300524 | D33: BENH VIEN UNG BUOU-CO SO 2 | E33: SO 12 DUONG 400, KHU PHO 3, PHUONG TAN PHU, THANH PHO THU DUC, TP. HO CHI MINH | F33: ZOLADEX 3.6 MG DEPOT 1'S | G33: SK762 | H33: NA | I33: 45837 | J33: Hộp | K33: 1 | L33: Khi bơm thuốc cho bệnh nhân thì phát hiện pít tông ống thuốc không bơm được | M33: NA | N33: 04/05/2024: đã báo hãng 07/05/2024: Nhận hướng xử lý ( đổi hàng cho khách + mẫu thu về sẽ trả AZ theo đợt) 10/05/2024: Nhập kho --> Hoàn tất
A34: =ROW(B34)-3 -> 31 | B34: 45419 | C34: CC_310524 | D34: BENH VIEN DA KHOA KHU VUC THU DUC | E34: 64 LE VAN CHI, PHUONG LINH TRUNG, THANH PHO THU DUC, TP. HO CHI MINH | F34: TARGOSID 400MG/3ML INJPO VLSX1 VN | G34: 1J5561 | H34: NA | I34: 31/05/2024 | J34: Lọ | K34: 23 | L34: Sản phẩm bị đổi màu | M34: NA | N34: 06/05/2024: đã báo hãng 03/07/2024: gửi mail chờ phản hồi từ KH 19/07/2024: KH chưa rep, mail remind 19/07/2024: Sau khi email đến hãng nhận được thông tin như sau" ca này Sanofi không đổi trả/ đền bù vì không có lỗi sản phẩm.Sanofi cũng đã hoàn tất điều tra và đóng khiếu nại theo quy trình nội bộ và phù hợp với luật định." Và Hoàng Đức cũng đã cố gắng liên hệ khách nhưng không nhận được phản hồi nào thêm Do đó QA sẽ close case này ---> Hoàn tất
A35: =ROW(B35)-3 -> 32 | B35: 45426 | C35: CC_320524 HUY | D35: TRUNG TAM Y TE HUYEN DON DUONG, LAM DONG | E35: 46 PHAM NGOC THACH, THANH MY, DON DUONG, LAM DONG | F35: LANTUS SOLOSTAR 100IU/ML B/5 PENS X 3ML | G35: 3F9097A | H35: NA | I35: 46142 | J35: Bút | K35: 2 | L35: Không bấm được | M35: NA | N35: 14/05/2024: đã báo hãng 28/05/2024: nhận hướng xử lý từ hãng (thu hồi + gửi mẫu về vp Sanofi) 30/05/2024: khách hủy khiếu nại do không còn yêu cầu hỗ trợ đổi trả hàng --> Hoàn tất | O35: þ
A36: =ROW(B36)-3 -> 33 | B36: 45429 | C36: CC_330524 | D36: CONG TY TNHH TRUNG TAM Y KHOA PASTEUR DA LAT | E36: SO 16 DUONG LE HONG PHONG, PHUONG 4, THANH PHO DA LAT, TINH LAM DONG | F36: WELLBABY MULTI-VITAMIN LIQUID (CHAI 150ML) | G36: 31308 | H36: NA | I36: 45869 | J36: Hộp | K36: 1 | L36: Bị rách vỏ hộp | M36: NA | N36: 17/05/2024: đã báo hãng VE 20/05/2024: nhận hướng xử lý từ hãng (đổi hàng + nhập kho damage chờ xử lý) 27/05/2024: nhập kho ---> Hoàn tất
A37: =ROW(B37)-3 -> 34 | B37: 45433 | C37: CC_340524 | D37: BVDK LONG AN | E37: 211 NGUYEN THONG, PHUONG 3, TP TAN AN , TINH LONG AN | F37: DEPAKINE 200MG TABEC TB40 | G37: 2RX28 | H37: NA | I37: 11/2025 | J37: Hộp | K37: 1 | L37: Sản phẩm bị nứt ngoài vỏ hộp nhựa và thuốc bị chảy, ẩm ướt | M37: NA | N37: 21/05/2024: đã báo hãng + nhận hướng xử lý (đổi hàng + trả hàng theo đợt) 18/06/2024: nhập kho --> Hoàn tất
A38: =ROW(B38)-3 -> 35 | B38: 45433 | C38: CC_350524 | D38: CONG TY CO PHAN Y TE CHAN VAN | E38: 541/21 SU VAN HANH, PHUONG 13, QUAN TAN BINH, TP. HO CHI MINH | F38: ADACEL BOX OF 1 VIAL | G38: 2CA07C3 | H38: NA | I38: 45596 | J38: Hộp | K38: 1 | L38: Vaccine có mảng trắng và lắc không tan | M38: NA | N38: 21/05/2024: đã báo hãng + nhận khiếu nại 27/05/2024: hãng báo thu mẫu về vp Sanofi 18/06/2024: nhập kho--> Hoàn tất | O38: þ
A39: =ROW(B39)-3 -> 36 | B39: 45443 | C39: CC_360524 | D39: BENH VIEN BA RIA VUNG TAU | E39: 686 DUONG VO VAN KIET, PHUONG LONG TAM, THANH PHO BA RIA, TINH BA RIA VUNG TAU | F39: THUC PHAM DINH DUONG Y HOC FORTIMEL PROTEIN (HUONG VANI) | G39: 111341678 111325237 | H39: 31/01/2024 05/12/2023 | I39: 30/01/2025 04/12/2024 | J39: Chai | K39: 1 | L39: Có lẫn 1 chai lô 111325237 trong lốc lô 111341678 | M39: NA | N39: 04/06/2024: đã báo hãng Danone 21/06/2024: nhận phản hồi từ hãng --> Hoàn tất
A40: =ROW(B40)-3 -> 37 | B40: 45443 | C40: CC_370524 | D40: KHOA DUOC BENH VIEN VIET PHAP | E40: SO 1 PHUONG MAI - DONG DA - HN | F40: THUC PHAM DINH DUONG Y HOC FORTIMEL PROTEIN (HUONG VANI) | G40: 111341678 | H40: 31/01/2024 | I40: 30/01/2025 | J40: Chai | K40: NA | L40: Số lô trên chai và lốc khác nhau, nhưng cùng hạn dùng | M40: NA | N40: 04/06/2024: đã báo hãng Danone 21/06/2024: nhận phản hồi từ hãng --> Hoàn tất
A41: =ROW(B41)-3 -> 38 | B41: 45448 | C41: CC_380624 | D41: CÔNG TY TNHH THƯƠNG MẠI VÀ DƯỢC PHẨM SANG | E41: 11/9 Ngô Quang Huy, Phường Thảo Điền, Tp.Thủ Đức, Tp.Hồ Chí Minh | F41: IMOJEV 0.5ML 1DOSE | G41: 08A2306GA 08A2305GA | H41: NA | I41: 22/05/2026 15/05/2026 | J41: Lọ | K41: 2 | L41: Thể tích dung môi dư 0,1ml so với quy định. | M41: NA | N41: 06/06/2024: đã báo Sanofi 03/07/2024: chờ phản hồi email từ hãng 26/07/2024: nhận được phản hồi từ nhà máy SNF 29/07/2024: khách confirm đã nhận thông tin ---> Hoàn tất
A42: =ROW(B42)-3 -> 39 | B42: 45449 | C42: CC_390624 | D42: HO KINH DOANH NHA THUOC BINH DAN 3 | E42: 6A, DUONG D400, PHUONG TAN PHU, THANH PHO THU DUC, THANH PHO HO CHI MINH | F42: THUC PHAM DINH DUONG Y HOC FORTIMEL PROTEIN (HUONG DAU) | G42: 111337731 | H42: 45298 | I42: 45663 | J42: Chai | K42: 1 | L42: Sản phẩm tách lớp, phần nước trong tách lớp, nổi lên trên | M42: NA | N42: 11/06/2024: đã báo hãng Danone 17/06/2024: đổi hàng cho khách trước 27/06/2024: nhập kho--> Hoàn tất
A43: =ROW(B43)-3 -> 40 | B43: 45454 | C43: CC_400624 | D43: NHA THUOC BENH VIEN DA LIEU | E43: 12/1 DUONG 3 THANG 2 , P. HUNG LOI, Q. NINH KIEU, TP. CAN THO | F43: VCI GLYCOLIC ACID PEEL 70% (SAC 10S) | G43: WJ0276 | H43: NA | I43: 46295 | J43: Hộp | K43: 1 | L43: 1 hộp bị lỗi trong đó có 04 gói chảy dung dịch, 06 gói bị nhăn nhúm | M43: NA | N43: 11/06/2024: đã báo hãng Hyphens 12/06/2024: nhận hướng xử lý từ hãng (đổi hàng cấn trừ công nợ) 21/06/2024: nhập kho--> Hoàn tất
A44: =ROW(B44)-3 -> 41 | B44: 45471 | C44: CC_410624 | D44: BENH VIEN THANH PHO THU DUC | E44: 29 PHU CHAU, PHUONG TAM PHU, THANH PHO THU DUC, THANH PHO HO CHI MINH | F44: LANTUS SOLOSTAR 100IU/ML B/5 PENS X 3ML | G44: 3F9322A | H44: NA | I44: 08/2026 | J44: Bút | K44: 2 | L44: Bút tiêm không vặn theo chiều chỉnh liều và bấm nút để tiêm được | M44: NA | N44: 28/06/2024: nhận khiếu nại từ bệnh viện 01/07/2024: hãng đưa hướng dẫn sử dụng bút và nhờ khách hàng test lại. 01/07/2024: BV chưa liên hệ đc với bệnh nhân 11/7/2024 CS đã liên hệ lại với chị Thủy qua call center, chị Thủy có phản hồi bệnh nhân vẫn chưa quay lại bệnh viện (từ lần liên hệ trước 1/7/2024) nên những thông tin bên dưới chị Thủy chưa phản hồi cho Hoàng Đức được. Chị Thủy đồng ý tạm close case này, nếu bệnh nhân quay lại và có thông tin bên BV sẽ phản hồi cho bên Hoàng Đức. 11/07/2024, nhận được email từ CS của gigamed rằng bệnh nhân chưa được hỗ trợ về việc đổi trả . QA HĐ phản hồi cách sử dụng bút tiêm và yêu cầu bệnh nhận nếu muốn hỗ trợ hãy quay lại bệnh viện 22/07/2024, Hoàng Đức vẫn chưa nhận được bất kỳ phản hồi nào từ bệnh nhân --> do đó Hoàng Đức đóng case theo yêu cầu của bệnh viện ---> Hoàn tất
A45: =ROW(B45)-3 -> 42 | B45: 45474 | C45: CC_420724 | D45: PHÒNG TIÊM NGỪA SAM SUM | E45: CAN PG 2-11, KHU NHA PHO VINCOM, PHAM NGU LAO, KHOM 3, PHUONG 2, TP.TRA VINH, TINH TRA VINH | F45: VAXIGRIP TETRA 0.5ML 1D INJ PS1 M12 (SH) | G45: Y3A211V | H45: NA | I45: 45657 | J45: Hộp | K45: 1 | L45: Trong hộp không có bơm kim tiêm | M45: NA | N45: Ngày 03/07/2024 : nhận được hướng xử lý từ hãng. ---> Hoàn tất
A46: =ROW(B46)-3 -> 43 | B46: 45476 | C46: CC_430724 | D46: BENH VIEN DA KHOA TAM ANH | E46: 2B PHO QUANG, PHUONG 2, QUAN TAN BINH, TP. HO CHI MINH, VIET NAM | F46: APIDRA SOLOTAR 300UI/3ML | G46: 3F869A | H46: 03/2023 | I46: 28/02/2025 | J46: Bút | K46: 2 | L46: Bệnh nhân có nhận hộp 5 bút tiêm Apidra, về nhà sử dụng và BN phát hiện có cặn lắng | M46: NA | N46: Ngày 05/07/2024: Sau khi liên hệ bệnh viện thì nhận được thông tin bệnh viện đã nhận được đền bù từ trình dược hãng, mẫu khiếu nại sẽ được trình dược hãng gửi về nhà máy để điều tra nguyên nhân. Do đó Hoàng Đức không tiến hành đền bù và đóng case khiếu nại --> Hoàn tất
A47: =ROW(B47)-3 -> 44 | B47: 45484 | C47: CC_440724 | D47: BENH VIEN NGUYEN TRAI | E47: 314 NGUYEN TRAI, PHUONG 8, QUAN 5, TP. HO CHI MINH | F47: HATLOP-150 (HOP/100VIEN) - EU | G47: 222543 | H47: NA | I47: 45965 | J47: Vỉ | K47: 3 | L47: Bị lỗi | M47: NA | N47: Ngày 11/07/2024 : đã email cho hãng Ngày 12/07/2024: chờ phản hồi từ hãng Ngày12/08/2024: nhận được phản hồi do sai sót trong quá trình ép vỉ ---> Hoàn tất
A48: =ROW(B48)-3 -> 45 | B48: 45484 | C48: CC_450724 | D48: BENH VIEN SAN - NHI CA MAU | E48: 85 LY THUONG KIET, P6, TP CA MAU, TINH CA MAU | F48: VAXIGRIP TETRA 0.5ML 1D INJ PS1 M12 (SH) | G48: Y3A211V Y3A741V | H48: NA | I48: 45657 | J48: NA | K48: NA | L48: Vaccin Vaxigrip Tetra có mũi kim không được sắc bén, nên khi tiêm vào khách hàng cảm giác không được như ý, hơi “sực sực”. | M48: NA | N48: Ngày 11/07/2024 : đã email cho hãng Ngày 12/07/2024: hãng chấp nhận khiếu nại và xin thu mẫu kim tiêm để điều tra nguyên nhân Ngày 18/07/2024: chưa nhận được câu trả lời từ khách, đã thông tin cho hãng và khách đang thu thập mẫu kim tiêm ---> Hoàn tất | O48: þ
A49: =ROW(B49)-3 -> 46 | B49: 45488 | C49: CC_460724 | D49: NHA THUOC BENH VIEN DA LIEU | E49: 2 NGUYEN THONG - QUAN 3 | F49: VCI GLYCOLIC ACID PEEL 70% (SAC 10S) | G49: WJ0276 | H49: NA | I49: 46295 | J49: gói | K49: 69 | L49: Có dấu hiệu bị xì và tràn dung dịch bên trong | M49: NA | N49: Ngày 15/07/2024 : email đến hãng Ngày 18/07/2024: nhận được hướng xử lý đổi hàng cho khách Ngày 19/07/2024: gửi email điều tra tại kho Ngày 30/07/2024: Hàng đã được nhập trả Ngày 05/08/2024: remind gửi email hãng hỏi hướng xử lý Ngày 11/09/2024: hãng gửi điều tra và chuyển hủy tất cả sản phẩm lỗi
A50: =ROW(B50)-3 -> 47 | B50: 45490 | C50: CC_470724 | D50: PHONG KHAM DA KHOA VICTORIA HEALTHCARE - CONG TY TNHH INTERSHOP | E50: 135A Nguyễn Văn Trỗi, Phú Nhuận TPHCM | F50: BRUFEN SUSPENSION 60ML | G50: 53247XP | H50: NA | I50: 46171 | J50: chai | K50: 11 | L50: 11 chai (trong đó lỗi 8 chai - 3 chai chưa khui) Khi mở hộp khui ra thì nắp bị nứt | M50: NA | N50: Khiếu nại lặp lại CC_641123 --> Hoàn tất
A51: =ROW(B51)-3 -> 48 | B51: 19/07/2024 | C51: CC_480724 | D51: CONG TY CO PHAN KHAM CHUA BENH MINH DUC | E51: 333D DOAN HOANG MINH, P6, TP. BEN TRE, TINH BEN TRE | F51: HEXAXIM BOX OF 1 PRE-FILLED SYRINGE + 2 NEEDLES | G51: W3G845V | H51: NA | I51: 46173 | J51: Hộp | K51: 1 | L51: 1 hộp Hexaxim không có lọ thuốc bên trong | M51: NA | N51: ngày 19/07/2024 : email cho hãng và nhận được hướng xử lý, chấp nhận khiếu nại ---> Hoàn tất
A52: =ROW(B52)-3 -> 49 | B52: 45495 | C52: CC_490724 | D52: TRUNG TAM KIEM SOAT BENH TAT TINH QUANG NGAI | E52: SO 64 BUI THI XUAN, THANH PHO QUANG NGAI, TINH QUANG NGAI | F52: VAXIGRIP TETRA 0.5ML 1D INJ PS1 M12 (SH) | G52: Y3A211V | H52: NA | I52: 45657 | J52: Hộp | K52: 1 | L52: Không có thuốc và toa | M52: NA | N52: Ngày 22/07/2024: email cho hãng và nhận được hướng xử lý, chấp nhận khiếu nại ---> Hoàn tất
A53: =ROW(B53)-3 -> 50 | B53: 45496 | C53: CC_500724 | D53: BENH VIEN QUAN Y 7B | E53: DUONG NGUYEN AI QUOC, P. TAN TIEN, TP. BIEN HOA, TINH DONG NAI | F53: MENACTRA BOX OF 1 VIAL | G53: U7978AO | H53: NA | I53: 45801 | J53: Hộp | K53: 1 | L53: 1 hộp Menactra lượng vaccine trong lọ không đủ 0.5ml | M53: NA | N53: Ngày 23/07/2024: email cho hãng Ngày 24/07/2024: nhận được hướng xử lý từ hãng, chấp nhận khiếu nại, thu mẫu xuất sang văn phòng hãng ---> Hoàn tất | O53: þ
A54: =ROW(B54)-3 -> 51 | B54: 45499 | C54: CC_510724 | D54: NHA THUOC BENH VIEN PHUC HOI CHUC NANG DIEU TRI BENH NGHE NGHIEP | E54: 313 AU DUONG LAN, PHUONG 2, QUAN 8, THANH PHO HO CHI MINH | F54: THUC PHAM DINH DUONG Y HOC FORTIMEL PROTEIN (HUONG DAU) THUC PHAM DINH DUONG Y HOC FORTIMEL PROTEIN (HUONG VANI) | G54: 111361948 111364284 | H54: NA | I54: 26/03/2025 28/03/2025 | J54: NA | K54: NA | L54: Hàng khách đã khui và đồng kiểm, phát hiện sai lô nên không nhận THUC PHAM DINH DUONG Y HOC FORTIMEL PROTEIN (HUONG DAU) trên chứng từ lô 111361948 date 26/03/2025, trên bao bì lô 11H4085 THUC PHAM DINH DUONG Y HOC FORTIMEL PROTEIN (HUONG VANI) trên chứng từ lô 111364284 date 28/03/2025, trên bao bì lô 15W4087 (hình ảnh đính kèm) | M54: NA | N54: Đây là khiếu nại lặp lại CC_370524 ---> Hoàn tất
A55: =ROW(B55)-3 -> 52 | B55: 45499 | C55: CC_520724-ĐN | D55: BS TRAN ANH THU | E55: 66 CAO SON PHAO, PHUONG HOA AN, QUAN CAM LE, TP DA NANG | F55: PAPILOCARE (21 CANNULAS X 5ML) | G55: W0291 | H55: NA | I55: 46691 | J55: Hộp | K55: 1 | L55: Hàng BES29104 của BS TRAN ANH THU được đặt vào 22/7 và giao hàng vào 8h sáng ngày 24/7, khi nhận hàng BS kiểm tra ngoại quan không thấy vấn đề gì, nhưng đến chiều tối 25/7 khách hàng mở hộp ra kiểm tra thì phát hiện bên trong hộp có rất nhiều kiến và kiến làm tổ. (Ảnh đính kèm) | M55: NA | N55: 29/07/2024: QA ĐN gửi email cho Plan để fw đến hãng ---> Hoàn tất
A56: =ROW(B56)-3 -> 53 | B56: 45504 | C56: CC_530724-HN | D56: CONG TY CO PHAN DAU TU DICH VU Y TE THE MEDCARE – CN HAI PHONG | F56: BRUFEN SUSPENSION 60ML | G56: 53247XP | H56: NA | I56: 46171 | J56: CHAI | K56: 5 | L56: Khi mở hộp khui ra thì nắp bị nứt | M56: NA | N56: Khiếu nại lặp lại CC_641123
A57: =ROW(B57)-3 -> 54 | B57: 45509 | C57: CC_540824 | D57: CONG TY CO PHAN KHAM CHUA BENH MINH DUC | E57: 333D DOAN HOANG MINH, P6, TP. BEN TRE, TINH BEN TRE | F57: HEXAXIM BOX OF 1 PRE-FILLED SYRINGE + 2 NEEDLES | G57: W3G845V | H57: NA | I57: 46173 | J57: HỘP | K57: 1 | L57: 1 hộp Hexaxim không có lọ thuốc bên trong | M57: NA | N57: Ngày 05/08/2024: gửi email cho hãng Ngày 06/08/2024: khách yêu cầu trả lời, hãng đã thông tin đến nhà máy chờ trả lời Ngày 23/08/2024: hãng gửi công văn xác nhận k ảnh hưởng chất lượng sản phẩm
A58: =ROW(B58)-3 -> 55 | B58: 45510 | C58: CC_550824 | D58: CONG TY TNHH BENH VIEN DA KHOA PHUONG CHI | E58: THUA DAT SO 172.TO BAN DO DHC 20-6,DUONG DX76,KHU PHO 2, PHUONG DINH HOA, THANH PHO THU DAU MOT | F58: HEXAXIM BOX OF 1 PRE-FILLED SYRINGE + 2 NEEDLES | G58: W3G845V | H58: NA | I58: 46173 | J58: Hộp | K58: 1 | L58: Vào lúc 10 giờ 13’ ngày 05/08/2024: sau khi người nhà của bé Vy Ngọc Phúc kiểm tra vỏ hộp vắc xin Hexaxim 0.5ml gồm các thông tin: tên vắc xin, hạn sử dụng và bao bì vẫn còn được niêm phong, điều dưỡng Dương Hồng Nhiên (CBCT tiêm chủng) tiến hành mở vỏ hộp và lấy vỉ chứa bút tiêm vắc xin ra bên ngoài. Khi mở màng bao vỉ chứa bút tiêm được một nửa, điều dưỡng Nhiên mới phát hiện nút cao su của bút tiêm vắc xin đã bị bung ra ngoài và nằm bên cạnh bút tiêm. Vắc xin đã bị chảy ra 01 phần trong vỉ và phần còn lại trong bút tiêm (hình đính kèm). | M58: NA | N58: - Báo email đến hãng và nhận được hướng xử lý xuất mẫu sang văn phòng hãng ---> Hoàn tất | O58: þ
A59: =ROW(B59)-3 -> 56 | B59: 45511 | C59: CC_560824 | D59: NHA THUOC THIEN KIM | E59: Q12 CU XA VINH HOI, NGUYEN HUU HAO, PHUONG 6, QUAN 4, THANH PHO HO CHI MINH | F59: ESO-DR 20 (HOP/ 1 LO/ 30 VIEN) | G59: E231092 | H59: NA | I59: 45721 | J59: Hộp | K59: 2 | L59: Viên bị gãy | M59: NA | N59: - Ngày 08/08/2024, báo email cho hãng và nhận được hướng xử lý đổi hàng cho khách, hàng khiếu nại thu về cho vào khu vực chờ hủy --> Hoàn tất
A60: =ROW(B60)-3 -> 57 | B60: 45511 | C60: CC_570824-HN | D60: HO KINH DOANH MEHEAL | E60: SO 221 PHO TRAN THAI TONG, TO 3, PHUONG TRAN HUNG DAO, THANH PHO THAI BINH, TINH THAI BINH | F60: KEIKAI (HOP/60VIEN) | G60: 240071, 240072 | H60: NA | I60: 16/01/2027, 16/01/2027 | J60: Hộp | K60: 9 hộp gồm (1 hộp lô 240071 và 8 hộp lô 240072) | L60: Viên thuốc bị biến dạng, co lại | M60: NA | N60: Ngày 14/08/2024: hãng yêu cầu cung cấp dữ liệu nhiệt độ Ngày 15/08/2024: Thu hồi 2 mẫu về cho hãng điều tra Ngày 07/10/2024 : nhận được thư giải trình của hãng- lỗi không đến từ hãng --> Hoàn tất
A61: =ROW(B61)-3 -> 58 | B61: 45511 | C61: CC_580824 | D61: CONG TY TNHH DUOC PHAM MEDX | E61: TANG 1, SO 18 L1-5 VSIP II,DUONG SO 3, KCN VIET NAM-SINGAPORE II,HOA PHU, TP THU DAU MOT, BINH DUONG | F61: DUNG DICH NHO MAT V.ROHTO DRYEYE 13 ML | G61: FA01 | H61: NA | I61: 46548 | J61: Hộp | K61: 1 | L61: Móp | M61: NA | N61: - Đã điều tra tại kho Long Hậu không phát hiện móp - hình ảnh khách gửi thùng không bị móp - yêu cầu khách gửi camera unbox hàng ngày 12/08/2024 - Vì quan hệ khách hàng nên kho đồng ý hỗ trợ đổi hàng cho khách ---> Hoàn tất
A62: =ROW(B62)-3 -> 59 | B62: 45517 | C62: CC_590824 | D62: TRUNG TAM Y TE HUYEN DI LINH | E62: Khu 10, Di Linh, Lâm Đồng | F62: LANTUS SOLOSTAR 100IU/ML B/5 PENS X 3ML | G62: 3F9097A | H62: NA | I62: 46142 | J62: Bút | K62: 1 | L62: Bị lỗi không có thuốc trong bút | M62: NA | N62: Truy xuất lịch sử đơn hàng không bán cho khách lô này, tuy nhiên lô này Hoàng Đức có phân phối ---> Không thể tiến hành đền bù cho khách Không đầy đủ chứng từ nếu có đền bù hoàn trả vì HĐ không bán cho TTYT lô này TTYT không cung cấp thêm hình ảnh. Do đó, Hoàng Đức và Hãng không có bất kỳ thông tin nào để điều tra cũng như hỗ trợ cho khách ---> Hoàn tất
A63: =ROW(B63)-3 -> 60 | B63: 45517 | C63: CC_600824 | D63: CONG TY CO PHAN BENH VIEN DA KHOA HOAN MY DA LAT | E63: DOI LONG THO, P10, TP DA LAT, TINH LAM DONG | F63: TOUJEO SOLOSTAR 450IU B/5 PENS X 1.5ML | G63: 3F882A | H63: NA | I63: 45961 | J63: bút | K63: 1 | L63: do phần đệm cao su chỗ gắn kim vào dày hơn bình thường nên kim không xuyên qua được, không bơm thuốc ra được | M63: NA | N63: Nhận được hướng xử lý từ hãng Ngày 16/08/2024 thay đổi số lô do khách báo nhầm lô Ngày 07/10/2024 xuất mẫu sang hãng ---> Hoàn tất | O63: x
A64: =ROW(B64)-3 -> 61 | B64: 45523 | C64: CC_610824 | D64: PHONG KHAM DA KHOA SAI GON-BAO LOC(NHA THUOC SAI GON – BAO LOC) | E64: 30A TRAN QUOC TOAN, PHUONG B-LAO, TP BAO LOC, TINH LAM DON | F64: RINOFIL SYRUP 2.5MG/5ML BT 15ML B/1 | G64: C230270 | H64: NA | I64: 45716 | J64: hộp | K64: 5 | L64: Chai thuốc bị chảy nước | M64: NA | N64: Ngày 19/08/2024: email CS xin thêm thông tin và báo email cho Planning đồng ý đền bù, xuất mẫu cho hãng Ngày 12/09/2024 xuất mẫu cho hãng ---> Hoàn tất | O64: x
A65: =ROW(B65)-3 -> 62 | B65: 45523 | C65: CC_620824 | D65: CONG TY CO PHAN KHAM CHUA BENH MINH DUC | E65: 333D DOAN HOANG MINH, P6, TP. BEN TRE, TINH BEN TRE | F65: HEXAXIM BOX OF 1 PRE-FILLED SYRINGE + 2 NEEDLES | G65: W3G845V | H65: NA | I65: 46326 | J65: Hộp | K65: 1 | L65: 1 hộp Hexaxim không có lọ thuốc bên trong. Vì đây là trường hợp lỗi thứ 3 trong cùng 1 đơn hàng nên khách hàng yêu cầu công ty phải có hướng kiểm tra hàng và có công văn thu hồi nguyên lô. | M65: NA | N65: - Báo email cho hãng - Lỗi lặp lại lần 3 (CC_480724,CC_540824) - đền bù cho khách và hãng sẽ gửi câu trả lời sau khi hoàn tất điều tra từ nhà sản xuất Hãng gửi công văn xác nhận chất lượng ngày 28/08/2024 ---> Hoàn tất
A66: =ROW(B66)-3 -> 63 | B66: 45524 | C66: CC_630824 | D66: BENH VIEN DA NANG | E66: 124 HAI PHONG, PHUONG THACH THANG, QUAN HAI CHAU, TP. DA NANG | F66: TAVANIC 500MG TABCO BL5 M36 VN | G66: 3R98A | H66: NA | I66: 46387 | J66: Vỉ | K66: 1 | L66: Quy cách 5 viên/hộp nhưng vỉ trên chỉ có 4 viên | M66: NA | N66: - Báo email cho hãng và nhận được hướng xử lý ---> Hoàn tất
A67: =ROW(B67)-3 -> 64 | B67: 45527 | C67: CC_640824-ĐN | D67: TRUNG TAM TIEM CHUNG VACCINE CHO TRE EM VA NGUOI LON DANAVAC | E67: 11 LE DUAN, PHUONG HAI CHAU 1, QUAN HAI CHAU, THANH PHO DA NANG, VIET NAM | F67: VERORAB BOX OF 10 VIALS | G67: W1C342V | H67: NA | I67: 45961 | J67: liều | K67: 1 | L67: piston của kim dung môi bị tuột ra, gây chảy dung môi ra ngoài | M67: NA | N67: - Báo email cho hãng và nhận được hướng xử lý ---> Hoàn tất | O67: x
A68: =ROW(B68)-3 -> 65 | B68: 45533 | C68: CC_650824 | D68: HO KINH DOANH QUAY THUOC HONG YEN | E68: SO 84, TO 04, AP LONG DINH, XA LONG DIEN A, HUYEN CHO MOI, TINH AN GIANG | F68: THUC PHAM DINH DUONG Y HOC FORTIMEL PROTEIN (HUONG VANI) | G68: 111364284 | H68: NA | I68: 45744 | J68: Chai | K68: 1 | L68: Tách lớp Báo hãng A Huy KDD đồng ý đền bù cho khách | N68: - Đền bù cho khách theo yêu cầu KDD - Đã gửi complaint cho hãng ngày 30/08/2024 - Đã remind nhiều lần mà hãng vẫn chưa trả lời
A69: =ROW(B69)-3 -> 66 | B69: 45544 | C69: CC_660924-ĐN | D69: CONG TY CO PHAN BENH VIEN DA KHOA THAI BINH DUONG | E69: 6 PHAN DINH PHUNG, PHUONG TAN AN, THANH PHO HOI AN, TINH QUANG NAM | F69: LANTUS SOLOSTAR 100IU/ML B/5 PENS X 3ML | G69: NA | H69: NA | I69: NA | J69: bút | K69: 1 | L69: Bóp cứng không xuống thuốc được | M69: Không rõ nguyên nhân do khách hàng không cung cấp đầy đủ thông tin | N69: Hoàn tất do khách không cung cấp đủ chứng từ thông tin để hỗ trợ khách---> Hoàn tất
A70: =ROW(B70)-3 -> 67 | B70: 45547 | C70: CC_670924-ĐN | D70: CONG TY CO PHAN BENH VIEN DA KHOA MINH THIEN | E70: 101 PHAN BOI CHAU, PHUONG TAN THANH,THANH PHO TAM KY,TINH QUANG NAM, VIET NAM | F70: MAGRAX (HOP/100VIEN) - EU | G70: 230958 | H70: NA | I70: 46179 | J70: Viên | K70: 639 | L70: thuốc bị phai màu | M70: Lỗi do khách bảo quản không đúng | N70: Đã email cho hãng và chờ điều tra Ngày 05/11/2024: nhận được công văn giải thích từ hãng và gửi đến khách --> Hoàn tất | O70: x
A71: =ROW(B71)-3 -> 68 | B71: 45551 | C71: CC_680924-HCM | D71: CONG TY TNHH PHUNG HUNG | E71: 268 DUONG 3/4, TO DAN PHO THUAN THANH, P. CAM THUAN, CAM RANH, TINH KHANH HOA | F71: SAN PHAM XUA MUOI DANG XIT CHO BE TU 6 THANG TUOI (REMOS BABY SPRAY) 70ML | G71: GA02 | H71: NA | I71: 46581 | J71: chai | K71: 1 | L71: 1 chai bị lỗi chảy nước dẫn đến ướt thùng | M71: Lỗi từ nhà sản xuất | N71: Đồng ý đền bù cho khách Ngày 08/10/2024 hàng khiếu nại về kho ---> Hoàn tất | O71: x
A72: =ROW(B72)-3 -> 69 | B72: 45560 | C72: CC_690924-HCM | D72: NHA THUOC PHUONG KHANH | E72: SO 46, DUONG NGO GIA TU, PHUONG MY LONG, THANH PHO LONG XUYEN, TINH AN GIANG | F72: ZIEGLER (HOP/100VIEN) - EU | G72: 240773 | H72: NA | I72: 46494 | J72: hộp | K72: NA | L72: Theo thông tin từ TDV báo trước đó nhà thuốc có bán cho khách thì khách sử dụng phát hiện ra viên nang mềm hơn so với bình thường ( bình thường là viên nang cứng). Nhà thuốc có thử mở hộp khác kiểm tra thì khi cầm vào thấy viên nang có mềm nhưng không bị chảy. Nhà thuốc muốn hỏi tình trạng thuốc như vậy có bị lỗi không ? | M72: Việc viên nang bị mềm hơn so với bình thường không ảnh hưởng chất lượng sản phẩm (file công văn giải trình từ hãng) | N72: Đang cung cấp hồ sơ cho hãng để điều tra nguyên nhân Ngày 15/10/2024, nhận 1 mẫu khiếu nại và chuyển đến nhà máy để điều tra Ngày 15/11/2024, nhận được công văn giải trình từ hãng--> Hoàn tất | O72: x
A73: =ROW(B73)-3 -> 70 | B73: 45569 | C73: CC_701024-HCM HUY | D73: TRUNG TAM Y TE HUYEN TAN PHU | E73: THI TRAN TAN PHU, HUYEN TAN PHU, TINH DONG NAI | F73: VERORAB BOX OF 10 VIALS + 10 SYRINGES | G73: W1C342V | H73: NA | I73: 45961 | J73: LỌ | K73: 2 | L73: Lọ bột đông khô vỡ | M73: Lỗi từ nhà sản xuất | N73: Ngày 04/10/2024 nhận được hướng xử lý từ hãng, chấp nhận đền bù cho khách.---> Hoàn tất Ngày 23/10/2024 khách hủy khiếu nại
A74: =ROW(B74)-3 -> 71 | B74: 45574 | C74: CC_711024-HCM | D74: Johnson & Johnson | E74: 12th Floor, Vietcombank Tower, 5 Me Linh Square, District 1, Ho Chi Minh City, Vietnam | F74: FUGACAR (CHOCO) 500MG TAB. B/1 | G74: 2383023 (shipper case no. 101) | H74: NA | I74: 46159 | J74: THÙNG | K74: 1 | L74: Thiếu 2 hộp trong thùng nguyên | M74: Không phải lỗi từ Hoàng Đức | N74: Khởi phát điều tra nguyên nhân Đã gửi cho hãng ngày 15/10/2024 Hoàn tất 22/10/2024
A75: =ROW(B75)-3 -> 72 | B75: 45581 | C75: CC_721024-HCM | D75: SPA CC BEAUTY | E75: 223/25 NGUYEN TIEU LA, PHUONG 8, QUAN 10, TPHCM | F75: QUICK RECOVERY CREAM 15G | G75: WK0315 | H75: NA | I75: 46326 | J75: HỘP | K75: 2 | L75: Dán tem cũ, dính bẩn, hộp bị hở, khách không bán được | M75: Không do Hoàng Đức nhưng vẫn đổi hàng cho khách | N75: Đã gửi cho hãng ngày 16/10/2024 Đã nhận hàng ngày 22/10/2024 ---> Hoàn tất
A76: =ROW(B76)-3 -> 73 | B76: 45580 | C76: CC_731024-HCM | D76: BENH VIEN DA KHOA HOAN MY SAI GON | E76: 60-60A PHAN XICH LONG, PHUONG 1, QUAN PHU NHUAN, TP.HO CHI MINH | F76: LANTUS SOLOSTAR 100IU/ML B/5 PENS X 3ML | G76: 4F9B94A | H76: NA | I76: 46446 | J76: BÚT | K76: 2 | L76: Ngày 12/10/2024, khoa Dược có tiếp nhận 2 cây Lantus từ bệnh nhân, 2 cây này bệnh nhân đã lãnh toa Ngoại trú từ khoa Dược vào ngày 10/10/2024. Tình trạng khi khoa Dược nhận và phản hồi từ bệnh nhân là: Bút tiêm không vặn được, rất cứng và không lên thuốc | M76: Do khách sử dụng sai kim theo khuyến cáo | N76: Ngày 16/10/2024, email đến hãng Ngày 18//10/2024, CS vẫn chưa nhận thêm thông tin cho việc hỗ trợ điều tra Ngày 21/10/2024, CS nhận được phản hồi từ khách. Và gửi hướng dẫn sử dụng đúng kim cho khách Chấp nhận đền bù cho khách ---> Hoàn tất
A77: =ROW(B77)-3 -> 74 | B77: 45588 | C77: CC_741024-HCM | D77: BENH VIEN PHU SAN THANH PHO CAN THO | E77: 106 CACH MANG THANG TAM, PHUONG CAI KHE, QUAN NINH KIEU, THANH PHO CAN THO | F77: AVAXIM 80 U PEDIATRIC BOX OF 1 SYRINGE 0.5ML | G77: X3D131V | H77: NA | I77: 46142 | J77: HỘP | K77: 1 | L77: Không có thuốc bên trong | M77: Lỗi từ nhà sản xuất | N77: Ngày 23/10/2024 : email đến hãng Ngày 24/10/2024: nhận được hướng xử lý từ hãng, không thu mẫu Ngày 28/10/2024: nhận được thông tin cùng 1 đơn hàng nhưng lại có thêm 1 hộp không có thuốc, báo email cho hãng --> hoàn tất
A78: =ROW(B78)-3 -> 75 | B78: 45593 | C78: CC_751024-HCM | D78: TRUNG TAM Y TE THANH PHO LONG XUYEN | E78: 09 HAI THUONG LAN ONG, PHUONG MY XUYEN, THANH PHO LONG XUYEN, TINH AN GIANG | F78: DOLUTEGRAVIR, LAMIVUDINE AND TENOFOVIR DISOPROXIL FUMARATE TABLETS 50/300/300MG (HOP/1 LO 30 VIEN) | G78: E243664 | H78: NA | I78: 46262 | J78: hộp | K78: 1 | L78: Khi nhân viên y tế mở hộp thấy hộp nhẹ, lắc thử thì không nghe tiếng thuốc bên trong. Nhân viên có mở thử 1 hộp thuốc khác kiểm tra thì thấy hộp nặng và lắc nghe tiếng kêu. | M78: Lỗi từ nhà sản xuất | N78: Ngày 28/10/2024: gửi email cho hãng Ngày 29/10/2024: đổi hàng cho khách, hàng khiếu nại chuyển hủy theo yêu cầu từ hãng --> hoàn tất
A79: =ROW(B79)-3 -> 76 | B79: 45593 | C79: CC_761024-HCM | D79: BENH VIEN PHU SAN THANH PHO CAN THO | E79: 106 CACH MANG THANG TAM, PHUONG CAI KHE, QUAN NINH KIEU, THANH PHO CAN THO | F79: AVAXIM 80 U PEDIATRIC BOX OF 1 SYRINGE 0.5ML | G79: X3D131V | H79: NA | I79: 46142 | J79: HỘP | K79: 1 | L79: Không có thuốc bên trong . Do cùng 1 đơn hàng nhưng lại bị lỗi liên tục 2 trường hợp giống nhau nên khách nhờ xem lại lô hàng này có bị vấn đề gì không | M79: Lỗi từ nhà sản xuất | N79: Ngày 28/10/2024: gửi email cho hãng nhưng hãng không nhận được email, ngày 31/10/2024, email lại cho hãng Đã nhận được hướng xử lý từ khách 31/10/2024 ---> Hoàn tất
A80: =ROW(B80)-3 -> 77 | B80: 45595 | C80: CC_771024-HCM | D80: BENH VIEN QUAN DAN Y MIEN DONG (KHOA DUOC) | E80: 50 LE VAN VIET, KHU PHO 2, PHUONG HIEP PHU, THANH PHO THU DUC, TP. HO CHI MINH | F80: PHOSPHALUGEL 12.38G/20G ORGEL SC26 VN | G80: NA | H80: NA | I80: NA | J80: hộp | K80: 2 | L80: Thiếu số lượng trong thùng nguyên | M80: Do khách nhầm lẫn giữa thùng nguyên và thùng lẻ | N80: Đã nhận được email rằng khách nhầm lẫn ngày 06/11/2024---> Hoàn tất
A81: =ROW(B81)-3 -> 78 | B81: 45597 | C81: CC_781124-HCM | D81: CONG TY TNHH NGOC LINH QB | E81: TO DAN PHO 14, PHUONG BAC LY, THANH PHO DONG HOI, QUANG BINH | F81: VAXIGRIP TETRA 0.5ML 1D INJ PS1 M12 (SH) VAXIGRIP TETRA 0.5ML 1D INJ PS1 M12 (NH) | G81: NA | H81: NA | I81: NA | J81: NA | K81: NA | L81: Vaxigrip SH và vaxigrip NH khác gì nhau? Nếu mũi 1 tiêm SH thì mũi 2 tiêm NH được không? (mũi tiêm cách 1 tháng) | M81: NA | N81: gửi email xin hướng dẫn từ hãng ( "MedInfo, Sanofipasteur /VN" <Sanofipasteur.MedInfo@sanofi.com>) --> Hoàn tất
A82: =ROW(B82)-3 -> 79 | B82: 45600 | C82: CC_791124-ĐN | D82: BỆNH VIỆN SẢN – NHI TỈNH QUẢNG NGÃI | E82: 184 Hùng Vương, P Trần Phú, TP Quảng Ngãi, tỉnh Quảng Ngãi | F82: CUROSURF 120MG/1,5ML (H/1LO X 1,5ML) | G82: 1196750 | H82: 03/06/2024 | I82: 45994 | J82: hộp | K82: 10 | L82: Trên hộp thuốc chỉ ghi HSD: 12/2025, mà trên hoá đơn thể hiện hạn dùng 03/12/2025 | M82: Không có lỗi | N82: Đã email cho khách để giải thích và email cho hãng để thông báo vào ngày 05/11/2024 --> Hoàn tất
A83: =ROW(B83)-3 -> 80 | B83: 45602 | C83: CC_801124-ĐN | D83: CÔNG TY CỔ PHẦN BỆNH VIỆN ĐA KHOA MINH THIỆN | E83: 06 Phan Đình Phùng, Phường Tân An, Thành phố Hội An, Tỉnh Quảng Nam, Việt Nam | F83: TOUJEO SOLOSTAR 450IU B/5 PENSX1.5ML | G83: 4F039A | H83: 45324 | I83: 46234 | J83: bút | K83: 01 | L83: Bút tiêm bị lỗi không có thuốc | M83: Lỗi từ nhà sản xuất | N83: Hãng đồng ý khiếu nại, thu mẫu về văn phòng hãng --> hoàn tất | O83: þ
A84: =ROW(B84)-3 -> 81 | B84: 45607 | C84: CC_811124-HCM | D84: TRUNG TAM KIEM SOAT BENH TAT TINH KHANH HOA | E84: 31 LE THANH PHUONG, PHUONG VAN THANG, THANH PHO NHA TRANG, TINH KHANH HOA | F84: DOLUTEGRAVIR, LAMIVUDINE AND TENOFOVIR DISOPROXIL FUMARATE TABLETS 50/300/300MG (HOP/1 LO 30 VIEN) | G84: E243666 | H84: NA | I84: 46263 | J84: HỘP | K84: 1 | L84: Nắp thuốc bị ẩm mốc | M84: Nguyên nhân do lô hàng này bị ướt trong quá trình nhập khẩu có thể là nguy cơ gây nên khiếu nại này | N84: Ngày 11/11/2024, email cho hãng Ngày 13/11/2024, remind hãng và nhận được phản hồi. Hãng đã thông tin cho nhà máy và vì hàng có seal nên không ảnh hưởng chất lượng thuốc bên trong ---> Hoàn tất
A85: =ROW(B85)-3 -> 82 | B85: 45607 | C85: CC_821124-HCM | D85: CONG TY TNHH BENH VIEN QUOC TE TAM TRI HONG NGU | E85: SO 12 NGUYEN TAT THANH, KDT BO DONG, PHUONG AN THANH, THANH PHO HONG NGU, TINH DONG THAP, VIET NAM | F85: NO-SPA 40MG/2ML INJ AM25 VN | G85: HC051A | H85: 45320 | I85: 46416 | J85: Hộp | K85: 2 | L85: Thuốc bị vỡ | M85: Dựa vào điều tra tại kho và đơn vị vận chuyển, không xác định lỗi từ Hoàng Đức | N85: Ngày 12/11/2024, gửi khách điều tra tại kho, nhờ khách cung cấp thêm thông tin để hỗ trợ khách Ngày 14/11/2024, nhận được thông tin khách không có hình ảnh để bổ sung---> thương lượng với khách lưu ý những lần kiểm hàng sau, do không đủ chứng cứ để tiến hành đền bù cho khách --> Hoàn tất
A86: =ROW(B86)-3 -> 83 | B86: 45608 | C86: CC_831124-HCM | D86: BENH VIEN DA KHOA KHU VUC THU DUC | E86: 64 LE VAN CHI, PHUONG LINH TRUNG, THANH PHO THU DUC, TP. HO CHI MINH | F86: LANTUS SOLOSTAR 100IU/ML B/5 PENS X 3ML | G86: 4F9676A | H86: NA | I86: 46446 | J86: BÚT | K86: 1 | L86: Không bấm được | M86: Do lỗi từ khách hàng vì hãng qua hỗ trợ kiểm tra đầu kim và thay đầu kim mới thì bút đã sử dụng được bình thường | N86: Ngày 13/11/2024: email cho hãng Ngày 13/11/2024: gửi email cho khách xin thêm thông tin và kèm hướng dẫn sử dụng bút Ngày 19/11/2024: nhận được thông tin hãng qua hỗ trợ kiểm tra đầu kim và thay đầu kim mới thì bút đã sử dụng được bình thường ---> Hoàn tất
A87: =ROW(B87)-3 -> 84 | B87: 45609 | C87: CC_841124-HCM | D87: CONG TY CO PHAN BENH VIEN MY DUC PHU NHUAN | E87: 3R/2-43R/4 HO VAN HUE, PHUONG 9, Q. PHU NHUAN, HO CHI MINH | F87: TYPHIM VI BOX OF 1 SYRINGE 0.5ML | G87: W2B301V | H87: NA | I87: 45961 | J87: Hộp | K87: 1 | L87: Không có thuốc | M87: Lôĩ từ nhà sản xuất | N87: 13/11/2024: email cho hãng 14/11/2024: nhận được thông tin từ hãng chấp nhận khiếu nại, chờ công văn chính thức từ hãng 03/01/2025: đã nhận được công văn giải thích từ hãng
A88: =ROW(B88)-3 -> 85 | B88: 45610 | C88: CC_851124-HCM | D88: CONG TY CO PHAN VACXIN VIET NAM – CHI NHANH THANH PHO HO CHI MINH | E88: 198 Đ. HOÀNG VĂN THỤ, PHƯỜNG 9, PHÚ NHUẬN, HỒ CHÍ MINH | F88: VAXIGRIP TETRA 0.5ML | G88: Y3A723V | H88: NA | I88: 45688 | J88: Hộp | K88: 14 | L88: 14 hộp vaccine Vaxigrip, trong đó có 12 hộp lệch nắp hộp, 1 hộp móp hộp nặng, 1 hộp lệch nắp, bị hở (hình ảnh đính kèm) | M88: Lôĩ từ nhà sản xuất | N88: 14/11/2024: email thông tin đến hãng 27/11/2024: Hãng đưa hướng xử lý, chấp nhận khiếu nại và tiến hành đền bù với khách ---> Hoàn tất
A89: =ROW(B89)-3 -> 86 | B89: 45611 | C89: CC_861124-HCM | D89: CONG TY CO PHAN PHONG KHAM DA KHOA HONG DUC CA MAU | E89: 277-297 LY THUONG KIET, KHOM 2, PHUONG 6, THANH PHO CA MAU, TINH CA MAU, VIET NAM | F89: PIASCLEDINE TAB 15'S | G89: N221 | H89: NA | I89: 31/03/2027 | J89: NA | K89: NA | L89: Bị chảy trên vỉ thuốc | M89: Không tìm được nguyên nhân do khách không cung cấp được hình ảnh khiếu nại và kiểm tra hàng tồn tại kho không phát hiện lỗi như khiếu nại | N89: Tiến hành điều tra hàng tồn tại kho 19/11/2024: email close case --> Hoàn tất
A90: =ROW(B90)-3 -> 87 | B90: 45614 | C90: CC_871124-HCM | D90: HO KINH DOANH TRUNG TAM TIEM CHUNG VAC XIN DINH QUAN | E90: SN 93, PHO 6, AP 3, XA PHU VINH, HUYEN DINH QUAN, TINH DONG NAI | F90: AVAXIM 80 U PEDIATRIC BOX OF 1 SYRINGE 0.5ML | G90: X3D131V | H90: 45058 | I90: 46142 | J90: Hộp | K90: 1 | L90: Không có thuốc bên trong | M90: Lỗi từ nhà sản xuất | N90: Ngày 19/11/2024: email thông tin đến hãng Ngày 19/11/2024: hãng chấp nhận khiếu nại, không thu mẫu---> Hoàn tất | P90: x
A91: =ROW(B91)-3 -> 88 | B91: 45615 | C91: CC_881124-HCM | D91: BENH VIEN DA KHOA MY DUC | E91: 04 NUI THANH, PHUONG 13, QUAN TAN BINH, TP HO CHI MINH | F91: AVAXIM 80 U PEDIATRIC BOX OF 1 SYRINGE 0.5ML | G91: X3D131V | H91: 45058 | I91: 46142 | J91: NA | K91: NA | L91: Ngày 16/11/2024, Bệnh viện có nhận phản hồi từ 1 khách hàng đến tiêm ngừa cho bé tại BV, khách có tiến hành kiểm tra mã vạch trên hộp thuốc và tờ HDSD của Vaccin Avaxim 0,5ml (Sanofi-Pháp) để kiểm tra thông tin nơi nhập, đơn vị cung cấp thì không xuất hiện 2 thông tin cần kiểm, do đó khách hàng nghi ngờ về nguồn gốc xuất xứ của vắc xin. Để giải đáp thắc mắc về mục tiêu xuất hiện mã vạch trên hộp thuốc, thông tin kê toa đến người bệnh, Bệnh viện gửi công văn yêu cầu làm rõ (file đính kèm), nhờ công ty cung cấp thông tin như nội dung yêu cầu. | M91: NA | N91: Đã nhận được giải thích từ hãng ngày 25/11/2024 Đang chờ ký công văn --> hoàn tất nhận công văn ngày 02/01/2025
A92: =ROW(B92)-3 -> 89 | B92: 45618 | C92: CC_891124-HCM | D92: CONG TY CO PHAN BENH VIEN DA KHOA HOAN MY DA LAT | E92: DOI LONG THO, P10, TP DA LAT, TINH LAM DONG | F92: NO-SPA 40MG/2ML INJ AM25 VN | G92: HC082A | H92: 45327 | I92: 46423 | J92: Ống | K92: 1 | L92: Bị vỡ | M92: Lỗi từ nhà sản xuất | N92: Ngày 25/11/2024: email thông tin đến hãng Ngày 25/11/2024: hãng chấp nhận khiếu nại, không thu mẫu---> Hoàn tất Đang chờ CS cung cấp thêm thông tin 03/12/2024: nhận được phản hồi từ khách"Khách báo vẫn có chèn lót, khi đồng kiểm không có dấu hiệu bất thường gì, thùng và hộp khô, chỉ khi khui ra sử dụng mới phát hiện ống thuốc bể" | P92: x | Q92: nhận thông tin đồng ý qua call zalo
A93: =ROW(B93)-3 -> 90 | B93: 25/11/2024 | C93: CC_901124-HCM | D93: HO KINH DOANH TRUNG TAM TIEM CHUNG VAC XIN DINH QUAN | E93: SN 93, PHO 6, AP 3, XA PHU VINH, HUYEN DINH QUAN, TINH DONG NAI | F93: AVAXIM 80 U PEDIATRIC BOX OF 1 SYRINGE 0.5ML | G93: X3D131V | H93: 45058 | I93: 46142 | J93: Hộp | K93: 1 | L93: Không có thuốc bên trong | M93: Lỗi từ nhà sản xuất | N93: Ngày 25/11/2024: email thông tin đến hãng Ngày 25/11/2024: hãng chấp nhận khiếu nại, không thu mẫu---> Hoàn tất Khiếu nại lần 2 trên cùng 1 đơn hàng (CC_871124-HCM) | P93: x
A94: =ROW(B94)-3 -> 91 | B94: 45621 | C94: CC_911124-HCM | D94: PHONG KHAM NOI TONG HOP PHUC PHU | E94: SO 1904, DUONG QUOC LO 14, AP 3, XA TAN THANH, TP DONG XOAI, TINH BINH PHUOC | F94: TETRAXIM BOX OF 1 SYRINGE 0.5ML | G94: X3D112V | H94: 45037 | I94: 46112 | J94: Hộp | K94: 1 | L94: Không có thuốc bên trong | M94: Lỗi từ nhà sản xuất | N94: Ngày 25 /11/2024: email thông tin đến hãng Ngày 25/11/2024: hãng chấp nhận khiếu nại, không thu mẫu---> Hoàn tất
A95: =ROW(B95)-3 -> 92 | B95: 45629 | C95: CC_921224-HCM | D95: Davipharm (Dat Vi Phu Pharmaceutical JSC) | E95: D17 street, My Phuoc 1, Ben Cat Binh Duong, Vietnam | F95: NIXKI-20 | G95: 223510 | H95: NA | I95: 46026 | J95: Hộp | K95: NA | L95: Điều tra khiếu nại khách hàng số C-020-24 Viên dinh vỉ đối với sản phẩm NIXKI-20 lô 223510 Nha thuoc Le Minh Nhan Address: Tổ 10, Ấp Mương Đào, Xã Vân Khánh Đông, Huyện An Minh, Tỉnh Kiên Giang, Việt Nam | M95: Lỗi không đến từ Hoàng Đức | N95: Ngày 13/12/2024: đã gửi email điều tra nguyên nhân đến hãng --> Hoàn tất
A96: =ROW(B96)-3 -> 93 | B96: 45637 | C96: CC_931224-HCM | D96: KHOA DUOC BENH VIEN QUAN Y 175 | E96: 786 NGUYEN KIEM, PHUONG 3, QUAN GO VAP, THANH PHO HO CHI MINH | F96: DIAMISU-70+30 100IU/ML INJ | G96: 269PA7 | H96: 45565 | I96: 46295 | J96: Hộp | K96: 1 | L96: lọ bị vỡ | M96: Lỗi từ nhà sản xuất | N96: Ngày 12/12/2024, nhận được hướng xử lý từ hãng, đền bù cho khách --> Hoàn tất | O96: x | P96: x | Q96: call
A97: =ROW(B97)-3 -> 94 | B97: 45650 | C97: CC_941224-HCM | D97: NHA THUOC TAY ANH TOAN | E97: 004 LO D MAC THIEN TICH, PHUONG 11, QUAN 5,TPHCM | F97: FAIRENCE T-COMPLEX 30G (HOP/ 1 TUYP) | G97: 740401 | H97: NA | I97: 46142 | J97: Hộp | K97: 1 | L97: Đổi màu- nhận được thông tin từ trình dược hãng | M97: Lỗi từ nhà sản xuất | N97: Đang chờ CS xin thêm thông tin. Đồng ý đổi hàng cho khách. Hàng khiếu nại thu về xuất mẫu cho hãng --> Hoàn tất
A98: =ROW(B98)-3 -> 95 | B98: 45653 | C98: CC_951224-HN | D98: FPT LONG CHÂU | E98: TDP 4 - TT.Quang Minh - Mê Linh - Hà Nội | F98: PARIET 20MG | G98: 44A35P | H98: 45392 | I98: 46486 | J98: Hộp | K98: 1 | L98: Bị móp | M98: Không phát sinh lỗi từ Hoàng Đức và không tìm được nguyên nhân do khách không cung cấp đủ thông tin | N98: Đang điều tra nguyên nhân Điều tra trong quá trình kiểm nhập, bảo quản, vận chuyển không phát hiện lỗi như khiếu nại Đang yêu cầu khách cung cấp thêm thông tin Giữ mối quan hệ, đổi hàng cho khách, vì lỗi nhỏ không ảnh hưởng chất lượng sản phẩm nên hàng trả về nhập kho bán
D99: Người lập/ Prepared by | L99: Người duyệt/ Approved by
D100: Ký, họ và tên/ Signature, full name | L100: Ký, họ và tên/ Signature, full name
C103: Người lập/ Prepare by | M103: Người duyệt/ Approved by

Sheet 2025
D1: BIỂU MẪU 02/ FORM 02 DANH SÁCH KHIẾU NẠI KHÁCH HÀNG NĂM 2024 LIST OF CUSTOMER COMPLAINTS - YEAR 2024
A3: STT No. | B3: Ngày date | C3: Code CC- | D3: Tên khách hàng Customer | E3: Địa chỉ address | F3: Tên sản phẩm Product name | G3: Số Lô batch No. | H3: NSX Mfg date | I3: HD Exp date | J3: Đơn vị tính Unit | K3: Số Lượng Quanity | L3: Lý do khiếu nại Reason of complaint | M3: Nguyên nhân khiếu nại/ Cause of complaint | N3: Tình trạng status | O3: Xuất mẫu sang văn phòng hãng | P3: BẢO MẬT THÔNG TIN CÁ NHÂN | Q3: HÌNH THỨC NHẬN | R3: XÁC NHẬN TỪ HÃNG | S3: NGÀY NHẬN | T3: FIXED EXP | U3: FIXED IMPORT
A4: =ROW(B4)-3 -> 1 | B4: 45660 | C4: CC_010125-HCM HUY | D4: CONG TY CO PHAN BENH VIEN DA KHOA HOAN MY DA LAT | E4: DOI LONG THO, P10, TP DA LAT, TINH LAM DONG | F4: TOUJEO SOLOSTAR 450IU B/5 PENS X 1.5ML | G4: 4F039A | H4: NA | I4: 46234 | J4: BÚT | K4: 1 | L4: Ngày 03/01/2025 tại Kho Ngoại trú BHYT ghi nhận 1 cây bút không vặn chỉnh liều được | M4: NA | N4: Ngày 03/01/2025, nhận được hướng xử lý từ hãng Ngày 03/01/2025, Khách hàng hủy khiếu nại ("Sau khi khoa kiểm tra lại bút Toujeo, thì đó là bút của bệnh nhân đem từ nhà lên chứ không phải của Bệnh viện phát. Nên em xin thông tin lại cho công ty. Trường hợp này không cần phải giải quyết gi nữa ạ. Em cảm ơn chị đã hỗ trợ") --> Hoàn tất | R4: Xuất mẫu theo đợt | S4: 45728 | T4: =IF(I4="","CHƯA NHẬP NGÀY",TEXT(I4,"dd/mm/yyyy")) -> 31/07/2026 | U4: =IF(S4="","CHƯA NHẬP NGÀY",TEXT(S4,"dd/mm/yyyy")) -> 12/03/2025
A5: =ROW(B5)-3 -> 2 | B5: 45665 | C5: CC_020125-HCM | D5: BENH VIEN PHAM NGOC THACH | E5: 120 HONG BANG, PHUONG 12, QUAN 5, TP. HO CHI MINH | F5: BEPRASAN 20MG (H/VI/ 10V) | G5: NU6864 | H5: NA | I5: 46086 | J5: Hộp | K5: 1 | L5: NTBV báo phát hiện tình trạng lỗi khi đang cấp phát thuốc theo toa của bác sĩ, mở hộp thuốc thì thấy vỉ thuốc bị rách | M5: Lỗi từ nhà sản xuất | N5: Chấp nhận đổi hàng cho khách, hàng lỗi thu về chuyển sang khu vực chờ hủy theo xác nhận từ Phòng Kinh Doanh Dược --> Hoàn tất | P5: x | Q5: hình ảnh Zalo | R5: XUẤT MẪU NGAY | T5: =IF(I5="","CHƯA NHẬP NGÀY",TEXT(I5,"dd/mm/yyyy")) -> 05/03/2026 | U5: =IF(S5="","CHƯA NHẬP NGÀY",TEXT(S5,"dd/mm/yyyy")) -> CHƯA NHẬP NGÀY
A6: =ROW(B6)-3 -> 3 | B6: 45666 | C6: CC_030125-HCM | D6: TRUNG TAM Y TE QUAN 1 | E6: SO 2 DANG TAT, PHUONG TAN DINH, QUAN 1, TP.HCM | F6: DOLUTEGRAVIR, LAMIVUDINE AND TENOFOVIR DISOPROXIL FUMARATE TABLETS 50/300/300MG (HOP/1 LO 30 VIEN) | G6: E243664 | H6: 45533 | I6: 46262 | J6: Hộp | K6: 25 | L6: TTYT báo lỗi nắp thuốc bị ố vàng, trong đó có 2 lọ bị bung màng bọc lộ phần bông gòn với 1 lọ TTYT mở ra để kiểm tra chất lượng thuốc như hình đính kèm | M6: Lỗi từ nhà sản xuất | N6: Ngày 20/01/2025, nhận được thông tin, chấp nhận đổi hàng cho khách và hàng khiếu nại cho vào khu vực chờ xử lý, chờ quyết định của hãng | T6: =IF(I6="","CHƯA NHẬP NGÀY",TEXT(I6,"dd/mm/yyyy")) -> 28/08/2026 | U6: =IF(S6="","CHƯA NHẬP NGÀY",TEXT(S6,"dd/mm/yyyy")) -> CHƯA NHẬP NGÀY
A7: =ROW(B7)-3 -> 4 | B7: 45670 | C7: CC_040125-HCM | D7: BENH VIEN PHAP VIET | E7: 06 Nguyen Luong Bang Street, Phu My Hung, District 7, Ho Chi Minh City, Vietnam | F7: LOVENOX 40MG/0.4ML INJ. B/ 2 SYRINGES VN | G7: JS045A | H7: NA | I7: 46022 | J7: hộp | K7: 81 | L7: Ngày 12/12 BN mua 28 bơm về chích và cả 28 bơm đều bị rỉ như vậy Có thể BN nhận lô JS044A vì từ đầu tháng 10 đến 20/12/24, FV đang sử dụng lô này. BN ko nhớ rõ lô chỉ báo bị tương tự lô trước. · Ngày 9/1 BN mua tiếp 28 bơm lô JS045A ,BN chích tiếp 2 bơm đều bị rỉ, trả lại FV 26 bơm · Số lô JS045A, hạn dung: 31/12/2025, số hd: 212738 (27/12/24) · Số lượng còn lại: 81 hộp · BN người nước ngoài · FV đã đổi lại lô mới nhất cho BN JS371A, hạn dung: 30/6/2026. Đến thời điểm hiện tại không thấy BN phản ánh | M7: Lỗi từ nhà sản xuất | N7: Thu 10 hộp xuất sang văn phòng hãng, Khách yêu cầu thu luôn 81 hộp-> hãng đồng ý và tiến hành thu về Đã hoàn thành xuất mẫu sang hãng ngày 04/02/2025 Ngày 26/02/2025, nhận được kết quả điều tra của hãng và đã gửi email đến khách --> Hoàn tất | O7: x | T7: =IF(I7="","CHƯA NHẬP NGÀY",TEXT(I7,"dd/mm/yyyy")) -> 31/12/2025 | U7: =IF(S7="","CHƯA NHẬP NGÀY",TEXT(S7,"dd/mm/yyyy")) -> CHƯA NHẬP NGÀY
A8: =ROW(B8)-3 -> 5 | B8: 45670 | C8: CC_050125-ĐN HUY | D8: CONG TY CO PHAN Y KHOA BAC SY GIA DINH | E8: 73 NGUYEN HUU THO,PHUONG HOA THUAN TAY,QUAN HAI CHAU,THANH PHO DA NANG VIET NAM | F8: CALCIUM CORBIERE EXTRA 3SUPX10 10ML VN | G8: EVH2311 | H8: NA | I8: 08/04/2026 | J8: ống | K8: 1 | L8: Không có thông tin trên ống thuốc | M8: Lỗi từ nhà sản xuất | N8: Hãng chấp nhận đền bù, Xuất mẫu sang văn phòng hãng Ngày 17/01/2025, Khách hủy khiếu nại do không muốn cung cấp hồ sơ chứng từ cho việc hủy --> Hoàn tất | O8: x | T8: =IF(I8="","CHƯA NHẬP NGÀY",TEXT(I8,"dd/mm/yyyy")) -> 08/04/2026 | U8: =IF(S8="","CHƯA NHẬP NGÀY",TEXT(S8,"dd/mm/yyyy")) -> CHƯA NHẬP NGÀY
A9: =ROW(B9)-3 -> 6 | B9: 45671 | C9: CC_060125-HCM HUY | D9: BENH VIEN DA KHOA TINH TRA VINH | E9: SO 399, DUONG NGUYEN DANG, KHOM 10, PHUONG 7, THANH PHO TRA VINH, TINH TRA VINH | F9: TOUJEO SOLOSTAR 450IU B/5 PENS X 1.5ML | G9: 4F039A | H9: 45323 | I9: 46234 | J9: bút | K9: 2 | L9: 1 bút xoay thể tích không được, 1 bút xoay được nhưng bấm không ra thuốc | M9: Không xác định được nguyên nhân | N9: Ngày 14/01/2025, gửi email cho hãng Hãng nhận khiếu nại nhưng vẫn đang đợi thêm thông tin điều tra từ phía khách hàng Ngày 06/02/2025, khách hủy khiếu nại --> Hoàn tất | T9: =IF(I9="","CHƯA NHẬP NGÀY",TEXT(I9,"dd/mm/yyyy")) -> 31/07/2026 | U9: =IF(S9="","CHƯA NHẬP NGÀY",TEXT(S9,"dd/mm/yyyy")) -> CHƯA NHẬP NGÀY
A10: =ROW(B10)-3 -> 7 | B10: 45671 | C10: CC_070125-HCM | D10: BENH VIEN DA KHOA TINH BINH THUAN | E10: DUONG TRUONG CHINH, PHUONG PHU TAI, TP PHAN THIET, TINH BINH THUAN | F10: LANTUS SOLOSTAR 100IU/ML B/5 PENS X 3ML | G10: 4F9694A | H10: NA | I10: 46446 | J10: bút | K10: 1 | L10: BV báo bút tiêm cấp cho bệnh nhân sử dụng, vặn chỉnh liều được nhưng bấm rất cứng và không ra thuốc. | M10: Lỗi từ nhà sản xuất | N10: Ngày 15/01/2025, gửi email cho hãng Ngày 16/01/2025. nhận được thông tin từu khách, báo hãng và hãng đồng ý đền bù cho khách, hàng thu về xuất sang văn phòng hãng | O10: x | T10: =IF(I10="","CHƯA NHẬP NGÀY",TEXT(I10,"dd/mm/yyyy")) -> 28/02/2027 | U10: =IF(S10="","CHƯA NHẬP NGÀY",TEXT(S10,"dd/mm/yyyy")) -> CHƯA NHẬP NGÀY
A11: =ROW(B11)-3 -> 8 | B11: 45672 | C11: CC_080125-HCM | D11: BENH VIEN PHAP VIET | E11: 6 NGUYEN LUONG BANG, PHUONG TAN PHU,DO THI MOI NAM TP, QUAN 7, TP HCM | F11: LOVENOX 40MG/0.4ML INJ. B/ 2 SYRINGES VN | G11: JS044A | H11: NA | I11: NA | J11: NA | K11: NA | L11: Ngày 12/12 BN mua 28 bơm về chích và cả 28 bơm đều bị rỉ như vậy Có thể BN nhận lô JS044A vì từ đầu tháng 10 đến 20/12/24, FV đang sử dụng lô này. BN ko nhớ rõ lô chỉ báo bị tương tự lô trước. · Ngày 9/1 BN mua tiếp 28 bơm lô JS045A ,BN chích tiếp 2 bơm đều bị rỉ, trả lại FV 26 bơm · Số lô JS045A, hạn dung: 31/12/2025, số hd: 212738 (27/12/24) · Số lượng còn lại: 81 hộp · BN người nước ngoài · FV đã đổi lại lô mới nhất cho BN JS371A, hạn dung: 30/6/2026. Đến thời điểm hiện tại không thấy BN phản ánh | M11: Lỗi từ nhà sản xuất | N11: Tương tự case CC_040125-HCM -->Hoàn tất | T11: =IF(I11="","CHƯA NHẬP NGÀY",TEXT(I11,"dd/mm/yyyy")) -> NA | U11: =IF(S11="","CHƯA NHẬP NGÀY",TEXT(S11,"dd/mm/yyyy")) -> CHƯA NHẬP NGÀY
A12: =ROW(B12)-3 -> 9 | B12: 45677 | C12: CC_090125-HCM | D12: TRUNG TAM Y TE THANH PHO BIEN HOA | E12: 98/487 DUONG PHAM VAN THUAN, P. TAN MAI, TP. BIEN HOA, TINH DONG NAI | F12: DOLUTEGRAVIR, LAMIVUDINE AND TENOFOVIR DISOPROXIL FUMARATE TABLETS 50/300/300MG (HOP/1 LO 30 VIEN) | G12: E243694 | H12: 45535 | I12: 46264 | J12: Hộp | K12: 1 | L12: TTYT báo thuốc cấp cho bệnh nhận sử dụng thì bệnh nhân phát hiện báo viên thuốc màu xanh không phải màu cam như bình thường | M12: Không xác định được nguyên nhân | N12: Xin thêm thông tin từ khách, viên được phát hiện trong cấp lẻ cho bệnh nhân (BV giao cho bệnh nhân 1 hộp chẵn và 1 hộp lẻ) Đang đợi thông tin phản hồi của hãng Ngày 20/02/2025, hãng gửi công văn Ngày 21/02/2025, mail cho CS để thông tin đến khách --> Hoàn tất | T12: =IF(I12="","CHƯA NHẬP NGÀY",TEXT(I12,"dd/mm/yyyy")) -> 30/08/2026 | U12: =IF(S12="","CHƯA NHẬP NGÀY",TEXT(S12,"dd/mm/yyyy")) -> CHƯA NHẬP NGÀY
A13: =ROW(B13)-3 -> 10 | B13: 45681 | C13: CC_100125-HCM | D13: BENH VIEN PHAP VIET (CTTNHH YTE VIEN DONG VN) | E13: 6 NGUYEN LUONG BANG, PHUONG TAN PHU,DO THI MOI NAM TP, QUAN 7, TP HCM | F13: MIRGY 100MG CAPS 10'S | G13: 373C07 | H13: 45531 | I13: 46626 | J13: Hộp | K13: 1 | L13: Trong quá trình soạn thuốc cho bệnh nhân, phát hiện hộp Gabapentin (MIRGY) cap 100mg còn kín nguyên vẹn nhưng không có thuốc bên trong | M13: Lỗi từ nhà sản xuất | N13: Hãng chấp nhận đền bù, xuất mẫu sang văn phòng hãng Ngày 10/02/2024, nhập kho và xuất mẫu trả hãng --> Hoàn tất | O13: x | T13: =IF(I13="","CHƯA NHẬP NGÀY",TEXT(I13,"dd/mm/yyyy")) -> 27/08/2027 | U13: =IF(S13="","CHƯA NHẬP NGÀY",TEXT(S13,"dd/mm/yyyy")) -> CHƯA NHẬP NGÀY
A14: =ROW(B14)-3 -> 11 | B14: 45695 | C14: CC_110225-HCM HUY | D14: CONG TY CO PHAN BENH VIEN DAI HOC Y DUOC-HOANG ANH GIA LAI | E14: 238 LE DUAN, P.TRA BA,TP.PLEIKU,TINH GIA LAI | F14: VERORAB BOX OF 10 VIALS + 10 SYRINGES | G14: W1C561V | H14: 44872 | I14: 45961 | J14: Lọ | K14: 1 | L14: Khoa nhi nói pha nước vào vacxin verorab màu không trong hơi đục và dẻo. | M14: Lỗi từ nhà sản xuất | N14: 10/02/2025 báo email sang hãng, nhận được hướng xử lý từ hãng Ngày 13/02/2025, CS thông tin số lô --> Hoàn tất Ngày 06/03/2025, khách hủy khiếu nại, do không cung cấp được chứng từ cho việc đền bù | O14: x | T14: =IF(I14="","CHƯA NHẬP NGÀY",TEXT(I14,"dd/mm/yyyy")) -> 31/10/2025 | U14: =IF(S14="","CHƯA NHẬP NGÀY",TEXT(S14,"dd/mm/yyyy")) -> CHƯA NHẬP NGÀY
A15: =ROW(B15)-3 -> 12 | B15: 45698 | C15: CC_120225-HCM | D15: BENH VIEN THONG NHAT | E15: 1 LY THUONG KIET, PHUONG 7, QUAN TAN BINH, TP. HO CHI MINH | F15: TEGRUCIL-1 (HOP/100VIEN) - EU | G15: 243474 | H15: NA | I15: 46713 | J15: Viên | K15: 2790 | L15: Tháng 9/2024 Viện kiểm nghiệm thuốc TP.HCM có thực hiện lấy mẫu thuốc Tegrucil-1, số lô 241600. Đến tháng 02/2025 Bệnh viện Thống Nhất có nhận được kết quả mẫu thuốc không đạt yêu cầu chất lượng theo quy định (file đính kèm). Hiện nay, lô thuốc trên đã sử dụng hết và bệnh viện đang tồn 2.790 viên Tegrucil-1, số lô 243474. Yêu cầu công ty kiểm tra chất lượng và phản hồi lại bằng văn bản lô thuốc số 243474 để bệnh viện tiếp tục sử dụng | N15: Ngày 11/02/2025, gửi email đến hãng và hãng nhận thông tin, đang chờ fb từ hãng | T15: =IF(I15="","CHƯA NHẬP NGÀY",TEXT(I15,"dd/mm/yyyy")) -> 22/11/2027 | U15: =IF(S15="","CHƯA NHẬP NGÀY",TEXT(S15,"dd/mm/yyyy")) -> CHƯA NHẬP NGÀY
A16: =ROW(B16)-3 -> 13 | B16: 45699 | C16: CC_130225-HCM | D16: CONG TY CO PHAN BENH VIEN MY PHUOC | E16: THUA DAT SO 2292, TO BAN DO SO 58, DUONG TC3, TO 6, KHU PHO 3, PHUONG MY PHUOC, THANH PHO BEN CAT, TINH BINH DUONG, VIET NAM | F16: VAXIGRIP TETRA BOX OF 1 SYR 0.5ML | G16: Y4A171V | H16: 45471 | I16: 45808 | J16: Hộp | K16: 1 | L16: 1 hộp vaccine vaxigrip bị nghẹt pitton không đẩy lên được | M16: Lỗi từ nhà sản xuất | N16: 11/02/2025 báo email cho hãng và nhận được hướng xử lý 12/02/2025 nhận được thông tin số lô và hạn dùng sản phẩm khiếu nại --> Hoàn tất | O16: x | P16: x | Q16: zalo | T16: =IF(I16="","CHƯA NHẬP NGÀY",TEXT(I16,"dd/mm/yyyy")) -> 31/05/2025 | U16: =IF(S16="","CHƯA NHẬP NGÀY",TEXT(S16,"dd/mm/yyyy")) -> CHƯA NHẬP NGÀY
A17: =ROW(B17)-3 -> 14 | B17: 45701 | C17: CC_140225-HCM | D17: TRUNG TAM TIEM CHUNG VAC XIN NINH HOA | E17: 594 - 596 TRAN QUY CAP, TO DAN PHO 1, PHUONG NINH HIEP, THI XA NINH HOA, TINH KHANH HOA | F17: VERORAB 0.5ML 10D INJ VL10+P10 M36 H VN | G17: X1D421V | H17: 45274 | I17: 46356 | J17: hộp | K17: 1 | L17: 1 hộp vaccine Verorab không bơm nước pha vào lọ được và phần kim bị gỉ sét | M17: Lỗi từ nhà sản xuất | N17: 14/02/2025 báo email cho hãng 17/02/2025 hãng chấp nhận khiếu nại và tiến hành thu hồi xuất sang văn phòng hãng --> Hoàn tất | O17: x | P17: x | Q17: zalo | T17: =IF(I17="","CHƯA NHẬP NGÀY",TEXT(I17,"dd/mm/yyyy")) -> 30/11/2026 | U17: =IF(S17="","CHƯA NHẬP NGÀY",TEXT(S17,"dd/mm/yyyy")) -> CHƯA NHẬP NGÀY
A18: =ROW(B18)-3 -> 15 | B18: 45707 | C18: CC_150225-HCM | D18: Zuellig Viet Nam | E18: 7-9 Đường Số 8, Tân Tạo A, Bình Tân, Hồ Chí Minh | F18: IMOJEV 0.5ML 1DOSE | G18: 08A2306GA | H18: NA | I18: 46164 | J18: hộp | K18: 1 | L18: Trong đợt nhận hàng IMOJEV vừa qua từ Hoàng Đức, kho ZPV có phát hiện một trường hợp hàng bị hư hỏng (hộp bị móp) được ghi nhận như hình ảnh và biên bản đính kèm | M18: Lỗi từ nhà sản xuất | N18: 19/02/2025 báo email cho hãng 20/02/2025 nhận được phản hồi từ hãng. Không ảnh hưởng chất lượng nên hàng bán bình thường (móp nhẹ) | T18: =IF(I18="","CHƯA NHẬP NGÀY",TEXT(I18,"dd/mm/yyyy")) -> 22/05/2026 | U18: =IF(S18="","CHƯA NHẬP NGÀY",TEXT(S18,"dd/mm/yyyy")) -> CHƯA NHẬP NGÀY
A19: =ROW(B19)-3 -> 16 | B19: 45715 | C19: CC_160225-HCM | D19: CONG TY CO PHAN DUOC PHAM AN KHANG PHARMA | E19: LO 2.11H, DUONG SO 6, KHU CONG NGHIEP TRA NOC II, PHUONG PHUOC THOI, QUAN O MON, THANH PHO CAN THO | F19: OSPAMOX 500MG TAB 10'S | G19: 00523 | H19: NA | I19: 46618 | J19: Vỉ | K19: 9 | L19: Sản phẩm bị lỗi thiếu số lượng trong vỉ | M19: Lỗi từ nhà sản xuất | N19: 27/02/2025, nhận được xác nhận từ team kinh doanh đổi hàng cho khách 03/03/2025 báo email complaint với nhà sản xuất | T19: =IF(I19="","CHƯA NHẬP NGÀY",TEXT(I19,"dd/mm/yyyy")) -> 19/08/2027 | U19: =IF(S19="","CHƯA NHẬP NGÀY",TEXT(S19,"dd/mm/yyyy")) -> CHƯA NHẬP NGÀY
A20: =ROW(B20)-3 -> 17 | B20: 45728 | C20: CC_170325-HN | D20: BENH VIEN DA KHOA PHUONG DONG | E20: SO 9, PHO VIEN, PHUONG CO NHUE 2, QUAN BAC TU LIEM , HA NOI | F20: PODOXRED 500MG (H/1 LO) | G20: H240904 | H20: NA | I20: 46326 | J20: hộp | K20: 1 | L20: lọ thuốc bị thủng đáy và bột bị rơi ra ngoài (hình ảnh đính kèm) | M20: Lỗi từ nhà sản xuất | N20: Nhận được email từ CS rằng hãng đồng ý đền bù 12/03/2025 | T20: =IF(I20="","CHƯA NHẬP NGÀY",TEXT(I20,"dd/mm/yyyy")) -> 31/10/2026 | U20: =IF(S20="","CHƯA NHẬP NGÀY",TEXT(S20,"dd/mm/yyyy")) -> CHƯA NHẬP NGÀY
A21: =ROW(B21)-3 -> 18 | B21: 45729 | C21: CC_180325-HN | D21: CONG TY DUOC PHAM HA NOI | F21: Depakine 200mg TABEC TB40 – SPAIN | G21: ELB03419 4R983 | L21: Depakine Solution 200mg BTLX40ml VN tổng số lượng 2.000 hộp ở hóa đơn 23438 số lượng 1.000 hộp và hóa đơn 23463 số lượng 1.000 hộp cùng lô ELB03419 hạn dùng 04/2027 có 01 hộp bị móp méo trong kiện nguyên. Depakine 200mg TABEC TB40 – SPAIN hóa đơn 23464 số lượng 1.720 hộp lô 4R983 hạn dùng 05/2027 có 07 hộp bị móp méo trong kiện nguyên | T21: =IF(I21="","CHƯA NHẬP NGÀY",TEXT(I21,"dd/mm/yyyy")) -> CHƯA NHẬP NGÀY | U21: =IF(S21="","CHƯA NHẬP NGÀY",TEXT(S21,"dd/mm/yyyy")) -> CHƯA NHẬP NGÀY

Sheet 2025-New
F1: BIỂU MẪU 02/ FORM 02 DANH SÁCH KHIẾU NẠI KHÁCH HÀNG NĂM 2025 LIST OF CUSTOMER COMPLAINTS - YEAR 2025
A3: STT No. | B3: HÃNG | C3: Ngày date | D3: Code CC- | E3: Ticket | F3: Tên khách hàng Customer | G3: Địa chỉ address | H3: Tên sản phẩm Product name | I3: Số Lô batch No. | J3: NSX Mfg date | K3: HD Exp date | L3: Đơn vị tính Unit | M3: Số Lượng Quanity | N3: Lý do khiếu nại Reason of complaint | O3: Nguyên nhân khiếu nại/ Cause of complaint | P3: Tình trạng/ Status | Q3: BẢO MẬT THÔNG TIN CÁ NHÂN | R3: HÌNH THỨC NHẬN | S3: XÁC NHẬN TỪ HÃNG | T3: NGÀY NHẬN | U3: THÁNG | V3: FIXED EXP | W3: FIXED IMPORT | X3: FIXED Mft. | Y3: Link | Z3: Năm | AA3: CHI NHÁNH
A4: 1 | B4: SA | C4: 45660 | D4: CC_010125-HCM HUY | F4: CONG TY CO PHAN BENH VIEN DA KHOA HOAN MY DA LAT | G4: DOI LONG THO, P10, TP DA LAT, TINH LAM DONG | H4: TOUJEO SOLOSTAR 450IU B/5 PENS X 1.5ML | I4: 4F039A | J4: NA | K4: 46234 | L4: BÚT | M4: 1 | N4: Ngày 03/01/2025 tại Kho Ngoại trú BHYT ghi nhận 1 cây bút không vặn chỉnh liều được | O4: NA | P4: Ngày 03/01/2025, nhận được hướng xử lý từ hãng Ngày 03/01/2025, Khách hàng hủy khiếu nại ("Sau khi khoa kiểm tra lại bút Toujeo, thì đó là bút của bệnh nhân đem từ nhà lên chứ không phải của Bệnh viện phát. Nên em xin thông tin lại cho công ty. Trường hợp này không cần phải giải quyết gi nữa ạ. Em cảm ơn chị đã hỗ trợ") --> Hoàn tất | R4: =IF($S4="Chờ xử lý", TRUE, FALSE) -> FALSE | S4: Chờ hủy | V4: =IF(K4="","CHƯA NHẬP NGÀY",TEXT(K4,"dd/mm/yyyy")) -> 31/07/2026 | W4: =IF(T4="","CHƯA NHẬP NGÀY",TEXT(T4,"dd/mm/yyyy")) -> CHƯA NHẬP NGÀY | X4: =IF(J4="","CHƯA NHẬP NGÀY",TEXT(J4,"dd/mm/yyyy")) -> NA | Y4: =HYPERLINK('Danh mục'!$D$1&"20"&MID(D4,8,2)&"\"&D4,D4) -> CC_010125-HCM HUY | Z4: =YEAR(Table2[[#This Row],[Ngày date]]) -> 2025 | AA4: =IF(ISNUMBER(SEARCH("HCM",D4)),"HCM", IF(ISNUMBER(SEARCH("HN",D4)),"HN", IF(ISNUMBER(SEARCH("ĐN",D4)),"ĐN",""))) -> HCM
A5: =IF(Table2[[#This Row],[Code CC- ]]="", "", A4+1) -> 2 | B5: NV | C5: 45665 | D5: CC_020125-HCM | F5: BENH VIEN PHAM NGOC THACH | G5: 120 HONG BANG, PHUONG 12, QUAN 5, TP. HO CHI MINH | H5: BEPRASAN 20MG (H/VI/ 10V) | I5: NU6864 | J5: NA | K5: 46086 | L5: Hộp | M5: 1 | N5: NTBV báo phát hiện tình trạng lỗi khi đang cấp phát thuốc theo toa của bác sĩ, mở hộp thuốc thì thấy vỉ thuốc bị rách | O5: Lỗi từ nhà sản xuất | P5: Chấp nhận đổi hàng cho khách, hàng lỗi thu về chuyển sang khu vực chờ hủy theo xác nhận từ Phòng Kinh Doanh Dược --> Hoàn tất | Q5: x | R5: ZALO | S5: Trả lời câu hỏi | U5: =MONTH(Table2[[#This Row],[Ngày date]]) -> 1 | V5: =IF(K5="","CHƯA NHẬP NGÀY",TEXT(K5,"dd/mm/yyyy")) -> 05/03/2026 | W5: =IF(T5="","CHƯA NHẬP NGÀY",TEXT(T5,"dd/mm/yyyy")) -> CHƯA NHẬP NGÀY | X5: =IF(J5="","CHƯA NHẬP NGÀY",TEXT(J5,"dd/mm/yyyy")) -> NA | Y5: =HYPERLINK('Danh mục'!$D$1&"20"&MID(D5,8,2)&"\"&D5,D5) -> CC_020125-HCM | Z5: =YEAR(Table2[[#This Row],[Ngày date]]) -> 2025 | AA5: =IF(ISNUMBER(SEARCH("HCM",D5)),"HCM", IF(ISNUMBER(SEARCH("HN",D5)),"HN", IF(ISNUMBER(SEARCH("ĐN",D5)),"ĐN",""))) -> HCM
A6: =IF(Table2[[#This Row],[Code CC- ]]="", "", A5+1) -> 3 | B6: HT | C6: 45666 | D6: CC_030125-HCM | F6: TRUNG TAM Y TE QUAN 1 | G6: SO 2 DANG TAT, PHUONG TAN DINH, QUAN 1, TP.HCM | H6: DOLUTEGRAVIR, LAMIVUDINE AND TENOFOVIR DISOPROXIL FUMARATE TABLETS 50/300/300MG (HOP/1 LO 30 VIEN) | I6: E243664 | J6: 45533 | K6: 46262 | L6: Hộp | M6: 25 | N6: TTYT báo lỗi nắp thuốc bị ố vàng, trong đó có 2 lọ bị bung màng bọc lộ phần bông gòn với 1 lọ TTYT mở ra để kiểm tra chất lượng thuốc như hình đính kèm | O6: Lỗi từ nhà sản xuất | P6: Ngày 20/01/2025, nhận được thông tin, chấp nhận đổi hàng cho khách và hàng khiếu nại cho vào khu vực chờ xử lý, chờ quyết định của hãng --> Hoàn tất | S6: Chờ hủy | T6: 45736 | U6: =MONTH(Table2[[#This Row],[Ngày date]]) -> 1 | V6: =IF(K6="","CHƯA NHẬP NGÀY",TEXT(K6,"dd/mm/yyyy")) -> 28/08/2026 | W6: =IF(T6="","CHƯA NHẬP NGÀY",TEXT(T6,"dd/mm/yyyy")) -> 20/03/2025 | X6: =IF(J6="","CHƯA NHẬP NGÀY",TEXT(J6,"dd/mm/yyyy")) -> 29/08/2024 | Y6: =HYPERLINK('Danh mục'!$D$1&"20"&MID(D6,8,2)&"\"&D6,D6) -> CC_030125-HCM | Z6: =YEAR(Table2[[#This Row],[Ngày date]]) -> 2025 | AA6: =IF(ISNUMBER(SEARCH("HCM",D6)),"HCM", IF(ISNUMBER(SEARCH("HN",D6)),"HN", IF(ISNUMBER(SEARCH("ĐN",D6)),"ĐN",""))) -> HCM
A7: =IF(Table2[[#This Row],[Code CC- ]]="", "", A6+1) -> 4 | B7: SA | C7: 45670 | D7: CC_040125-HCM | F7: BENH VIEN PHAP VIET | G7: 06 Nguyen Luong Bang Street, Phu My Hung, District 7, Ho Chi Minh City, Vietnam | H7: LOVENOX 40MG/0.4ML INJ. B/ 2 SYRINGES VN | I7: JS045A | J7: NA | K7: 46022 | L7: hộp | M7: 81 | N7: Ngày 12/12 BN mua 28 bơm về chích và cả 28 bơm đều bị rỉ như vậy Có thể BN nhận lô JS044A vì từ đầu tháng 10 đến 20/12/24, FV đang sử dụng lô này. BN ko nhớ rõ lô chỉ báo bị tương tự lô trước. · Ngày 9/1 BN mua tiếp 28 bơm lô JS045A ,BN chích tiếp 2 bơm đều bị rỉ, trả lại FV 26 bơm · Số lô JS045A, hạn dung: 31/12/2025, số hd: 212738 (27/12/24) · Số lượng còn lại: 81 hộp · BN người nước ngoài · FV đã đổi lại lô mới nhất cho BN JS371A, hạn dung: 30/6/2026. Đến thời điểm hiện tại không thấy BN phản ánh | O7: Lỗi từ nhà sản xuất | P7: Thu 10 hộp xuất sang văn phòng hãng, Khách yêu cầu thu luôn 81 hộp-> hãng đồng ý và tiến hành thu về Đã hoàn thành xuất mẫu sang hãng ngày 04/02/2025 Ngày 26/02/2025, nhận được kết quả điều tra của hãng và đã gửi email đến khách --> Hoàn tất | S7: XUẤT MẪU NGAY NHẬN | U7: =MONTH(Table2[[#This Row],[Ngày date]]) -> 1 | V7: =IF(K7="","CHƯA NHẬP NGÀY",TEXT(K7,"dd/mm/yyyy")) -> 31/12/2025 | W7: =IF(T7="","CHƯA NHẬP NGÀY",TEXT(T7,"dd/mm/yyyy")) -> CHƯA NHẬP NGÀY | X7: =IF(J7="","CHƯA NHẬP NGÀY",TEXT(J7,"dd/mm/yyyy")) -> NA | Y7: =HYPERLINK('Danh mục'!$D$1&"20"&MID(D7,8,2)&"\"&D7,D7) -> CC_040125-HCM | Z7: =YEAR(Table2[[#This Row],[Ngày date]]) -> 2025 | AA7: =IF(ISNUMBER(SEARCH("HCM",D7)),"HCM", IF(ISNUMBER(SEARCH("HN",D7)),"HN", IF(ISNUMBER(SEARCH("ĐN",D7)),"ĐN",""))) -> HCM
A8: =IF(Table2[[#This Row],[Code CC- ]]="", "", A7+1) -> 5 | B8: OPELLA | C8: 45670 | D8: CC_050125-ĐN HUY | F8: CONG TY CO PHAN Y KHOA BAC SY GIA DINH | G8: 73 NGUYEN HUU THO,PHUONG HOA THUAN TAY,QUAN HAI CHAU,THANH PHO DA NANG VIET NAM | H8: CALCIUM CORBIERE EXTRA 3SUPX10 10ML VN | I8: EVH2311 | J8: NA | K8: 08/04/2026 | L8: ống | M8: 1 | N8: Không có thông tin trên ống thuốc | O8: Lỗi từ nhà sản xuất | P8: Hãng chấp nhận đền bù, Xuất mẫu sang văn phòng hãng Ngày 17/01/2025, Khách hủy khiếu nại do không muốn cung cấp hồ sơ chứng từ cho việc hủy --> Hoàn tất | S8: HỦY KHIẾU NẠI | U8: =MONTH(Table2[[#This Row],[Ngày date]]) -> 1 | V8: =IF(K8="","CHƯA NHẬP NGÀY",TEXT(K8,"dd/mm/yyyy")) -> 08/04/2026 | W8: =IF(T8="","CHƯA NHẬP NGÀY",TEXT(T8,"dd/mm/yyyy")) -> CHƯA NHẬP NGÀY | X8: =IF(J8="","CHƯA NHẬP NGÀY",TEXT(J8,"dd/mm/yyyy")) -> NA | Y8: =HYPERLINK('Danh mục'!$D$1&"20"&MID(D8,8,2)&"\"&D8,D8) -> CC_050125-ĐN HUY | Z8: =YEAR(Table2[[#This Row],[Ngày date]]) -> 2025 | AA8: =IF(ISNUMBER(SEARCH("HCM",D8)),"HCM", IF(ISNUMBER(SEARCH("HN",D8)),"HN", IF(ISNUMBER(SEARCH("ĐN",D8)),"ĐN",""))) -> ĐN
A9: =IF(Table2[[#This Row],[Code CC- ]]="", "", A8+1) -> 6 | B9: SA | C9: 45671 | D9: CC_060125-HCM HUY | F9: BENH VIEN DA KHOA TINH TRA VINH | G9: SO 399, DUONG NGUYEN DANG, KHOM 10, PHUONG 7, THANH PHO TRA VINH, TINH TRA VINH | H9: TOUJEO SOLOSTAR 450IU B/5 PENS X 1.5ML | I9: 4F039A | J9: 45323 | K9: 46234 | L9: bút | M9: 2 | N9: 1 bút xoay thể tích không được, 1 bút xoay được nhưng bấm không ra thuốc | O9: Không xác định được nguyên nhân | P9: Ngày 14/01/2025, gửi email cho hãng Hãng nhận khiếu nại nhưng vẫn đang đợi thêm thông tin điều tra từ phía khách hàng Ngày 06/02/2025, khách hủy khiếu nại --> Hoàn tất | S9: HỦY KHIẾU NẠI | U9: =MONTH(Table2[[#This Row],[Ngày date]]) -> 1 | V9: =IF(K9="","CHƯA NHẬP NGÀY",TEXT(K9,"dd/mm/yyyy")) -> 31/07/2026 | W9: =IF(T9="","CHƯA NHẬP NGÀY",TEXT(T9,"dd/mm/yyyy")) -> CHƯA NHẬP NGÀY | X9: =IF(J9="","CHƯA NHẬP NGÀY",TEXT(J9,"dd/mm/yyyy")) -> 01/02/2024 | Y9: =HYPERLINK('Danh mục'!$D$1&"20"&MID(D9,8,2)&"\"&D9,D9) -> CC_060125-HCM HUY | Z9: =YEAR(Table2[[#This Row],[Ngày date]]) -> 2025 | AA9: =IF(ISNUMBER(SEARCH("HCM",D9)),"HCM", IF(ISNUMBER(SEARCH("HN",D9)),"HN", IF(ISNUMBER(SEARCH("ĐN",D9)),"ĐN",""))) -> HCM
A10: =IF(Table2[[#This Row],[Code CC- ]]="", "", A9+1) -> 7 | B10: SA | C10: 45671 | D10: CC_070125-HCM | F10: BENH VIEN DA KHOA TINH BINH THUAN | G10: DUONG TRUONG CHINH, PHUONG PHU TAI, TP PHAN THIET, TINH BINH THUAN | H10: LANTUS SOLOSTAR 100IU/ML B/5 PENS X 3ML | I10: 4F9694A | J10: NA | K10: 46446 | L10: bút | M10: 1 | N10: BV báo bút tiêm cấp cho bệnh nhân sử dụng, vặn chỉnh liều được nhưng bấm rất cứng và không ra thuốc. | O10: Lỗi từ nhà sản xuất | P10: Ngày 15/01/2025, gửi email cho hãng Ngày 16/01/2025. nhận được thông tin từu khách, báo hãng và hãng đồng ý đền bù cho khách, hàng thu về xuất sang văn phòng hãng | S10: XUẤT MẪU NGAY NHẬN | U10: =MONTH(Table2[[#This Row],[Ngày date]]) -> 1 | V10: =IF(K10="","CHƯA NHẬP NGÀY",TEXT(K10,"dd/mm/yyyy")) -> 28/02/2027 | W10: =IF(T10="","CHƯA NHẬP NGÀY",TEXT(T10,"dd/mm/yyyy")) -> CHƯA NHẬP NGÀY | X10: =IF(J10="","CHƯA NHẬP NGÀY",TEXT(J10,"dd/mm/yyyy")) -> NA | Y10: =HYPERLINK('Danh mục'!$D$1&"20"&MID(D10,8,2)&"\"&D10,D10) -> CC_070125-HCM | Z10: =YEAR(Table2[[#This Row],[Ngày date]]) -> 2025 | AA10: =IF(ISNUMBER(SEARCH("HCM",D10)),"HCM", IF(ISNUMBER(SEARCH("HN",D10)),"HN", IF(ISNUMBER(SEARCH("ĐN",D10)),"ĐN",""))) -> HCM
A11: =IF(Table2[[#This Row],[Code CC- ]]="", "", A10+1) -> 8 | B11: SA | C11: 45672 | D11: CC_080125-HCM | F11: BENH VIEN PHAP VIET | G11: 6 NGUYEN LUONG BANG, PHUONG TAN PHU,DO THI MOI NAM TP, QUAN 7, TP HCM | H11: LOVENOX 40MG/0.4ML INJ. B/ 2 SYRINGES VN | I11: JS044A | J11: NA | K11: NA | L11: NA | M11: NA | N11: Ngày 12/12 BN mua 28 bơm về chích và cả 28 bơm đều bị rỉ như vậy Có thể BN nhận lô JS044A vì từ đầu tháng 10 đến 20/12/24, FV đang sử dụng lô này. BN ko nhớ rõ lô chỉ báo bị tương tự lô trước. · Ngày 9/1 BN mua tiếp 28 bơm lô JS045A ,BN chích tiếp 2 bơm đều bị rỉ, trả lại FV 26 bơm · Số lô JS045A, hạn dung: 31/12/2025, số hd: 212738 (27/12/24) · Số lượng còn lại: 81 hộp · BN người nước ngoài · FV đã đổi lại lô mới nhất cho BN JS371A, hạn dung: 30/6/2026. Đến thời điểm hiện tại không thấy BN phản ánh | O11: Lỗi từ nhà sản xuất | P11: Tương tự case CC_040125-HCM -->Hoàn tất | S11: XUẤT MẪU NGAY NHẬN | U11: =MONTH(Table2[[#This Row],[Ngày date]]) -> 1 | V11: =IF(K11="","CHƯA NHẬP NGÀY",TEXT(K11,"dd/mm/yyyy")) -> NA | W11: =IF(T11="","CHƯA NHẬP NGÀY",TEXT(T11,"dd/mm/yyyy")) -> CHƯA NHẬP NGÀY | X11: =IF(J11="","CHƯA NHẬP NGÀY",TEXT(J11,"dd/mm/yyyy")) -> NA | Y11: =HYPERLINK('Danh mục'!$D$1&"20"&MID(D11,8,2)&"\"&D11,D11) -> CC_080125-HCM | Z11: =YEAR(Table2[[#This Row],[Ngày date]]) -> 2025 | AA11: =IF(ISNUMBER(SEARCH("HCM",D11)),"HCM", IF(ISNUMBER(SEARCH("HN",D11)),"HN", IF(ISNUMBER(SEARCH("ĐN",D11)),"ĐN",""))) -> HCM
A12: =IF(Table2[[#This Row],[Code CC- ]]="", "", A11+1) -> 9 | B12: HT | C12: 45677 | D12: CC_090125-HCM | F12: TRUNG TAM Y TE THANH PHO BIEN HOA | G12: 98/487 DUONG PHAM VAN THUAN, P. TAN MAI, TP. BIEN HOA, TINH DONG NAI | H12: DOLUTEGRAVIR, LAMIVUDINE AND TENOFOVIR DISOPROXIL FUMARATE TABLETS 50/300/300MG (HOP/1 LO 30 VIEN) | I12: E243694 | J12: 45535 | K12: 46264 | L12: Hộp | M12: 1 | N12: TTYT báo thuốc cấp cho bệnh nhận sử dụng thì bệnh nhân phát hiện báo viên thuốc màu xanh không phải màu cam như bình thường | O12: Không xác định được nguyên nhân | P12: Xin thêm thông tin từ khách, viên được phát hiện trong cấp lẻ cho bệnh nhân (BV giao cho bệnh nhân 1 hộp chẵn và 1 hộp lẻ) Đang đợi thông tin phản hồi của hãng Ngày 20/02/2025, hãng gửi công văn Ngày 21/02/2025, mail cho CS để thông tin đến khách --> Hoàn tất | S12: Trả lời câu hỏi | U12: =MONTH(Table2[[#This Row],[Ngày date]]) -> 1 | V12: =IF(K12="","CHƯA NHẬP NGÀY",TEXT(K12,"dd/mm/yyyy")) -> 30/08/2026 | W12: =IF(T12="","CHƯA NHẬP NGÀY",TEXT(T12,"dd/mm/yyyy")) -> CHƯA NHẬP NGÀY | X12: =IF(J12="","CHƯA NHẬP NGÀY",TEXT(J12,"dd/mm/yyyy")) -> 31/08/2024 | Y12: =HYPERLINK('Danh mục'!$D$1&"20"&MID(D12,8,2)&"\"&D12,D12) -> CC_090125-HCM | Z12: =YEAR(Table2[[#This Row],[Ngày date]]) -> 2025 | AA12: =IF(ISNUMBER(SEARCH("HCM",D12)),"HCM", IF(ISNUMBER(SEARCH("HN",D12)),"HN", IF(ISNUMBER(SEARCH("ĐN",D12)),"ĐN",""))) -> HCM
A13: =IF(Table2[[#This Row],[Code CC- ]]="", "", A12+1) -> 10 | B13: GZ | C13: 45681 | D13: CC_100125-HCM | F13: BENH VIEN PHAP VIET (CTTNHH YTE VIEN DONG VN) | G13: 6 NGUYEN LUONG BANG, PHUONG TAN PHU,DO THI MOI NAM TP, QUAN 7, TP HCM | H13: MIRGY 100MG CAPS 10'S | I13: 373C07 | J13: 45531 | K13: 46626 | L13: Hộp | M13: 1 | N13: Trong quá trình soạn thuốc cho bệnh nhân, phát hiện hộp Gabapentin (MIRGY) cap 100mg còn kín nguyên vẹn nhưng không có thuốc bên trong | P13: Hãng chấp nhận đền bù, xuất mẫu sang văn phòng hãng Ngày 10/02/2024, nhập kho và xuất mẫu trả hãng --> Hoàn tất | S13: XUẤT MẪU NGAY NHẬN | U13: =MONTH(Table2[[#This Row],[Ngày date]]) -> 1 | V13: =IF(K13="","CHƯA NHẬP NGÀY",TEXT(K13,"dd/mm/yyyy")) -> 27/08/2027 | W13: =IF(T13="","CHƯA NHẬP NGÀY",TEXT(T13,"dd/mm/yyyy")) -> CHƯA NHẬP NGÀY | X13: =IF(J13="","CHƯA NHẬP NGÀY",TEXT(J13,"dd/mm/yyyy")) -> 27/08/2024 | Y13: =HYPERLINK('Danh mục'!$D$1&"20"&MID(D13,8,2)&"\"&D13,D13) -> CC_100125-HCM | Z13: =YEAR(Table2[[#This Row],[Ngày date]]) -> 2025 | AA13: =IF(ISNUMBER(SEARCH("HCM",D13)),"HCM", IF(ISNUMBER(SEARCH("HN",D13)),"HN", IF(ISNUMBER(SEARCH("ĐN",D13)),"ĐN",""))) -> HCM
A14: =IF(Table2[[#This Row],[Code CC- ]]="", "", A13+1) -> 11 | B14: SA | C14: 45695 | D14: CC_110225-HCM HUY | F14: CONG TY CO PHAN BENH VIEN DAI HOC Y DUOC-HOANG ANH GIA LAI | G14: 238 LE DUAN, P.TRA BA,TP.PLEIKU,TINH GIA LAI | H14: VERORAB BOX OF 10 VIALS + 10 SYRINGES | I14: W1C561V | J14: 44872 | K14: 45961 | L14: Lọ | M14: 1 | N14: Khoa nhi nói pha nước vào vacxin verorab màu không trong hơi đục và dẻo. | O14: Lỗi từ nhà sản xuất | P14: 10/02/2025 báo email sang hãng, nhận được hướng xử lý từ hãng Ngày 13/02/2025, CS thông tin số lô --> Hoàn tất Ngày 06/03/2025, khách hủy khiếu nại, do không cung cấp được chứng từ cho việc đền bù | S14: HỦY KHIẾU NẠI | U14: =MONTH(Table2[[#This Row],[Ngày date]]) -> 2 | V14: =IF(K14="","CHƯA NHẬP NGÀY",TEXT(K14,"dd/mm/yyyy")) -> 31/10/2025 | W14: =IF(T14="","CHƯA NHẬP NGÀY",TEXT(T14,"dd/mm/yyyy")) -> CHƯA NHẬP NGÀY | X14: =IF(J14="","CHƯA NHẬP NGÀY",TEXT(J14,"dd/mm/yyyy")) -> 07/11/2022 | Y14: =HYPERLINK('Danh mục'!$D$1&"20"&MID(D14,8,2)&"\"&D14,D14) -> CC_110225-HCM HUY | Z14: =YEAR(Table2[[#This Row],[Ngày date]]) -> 2025 | AA14: =IF(ISNUMBER(SEARCH("HCM",D14)),"HCM", IF(ISNUMBER(SEARCH("HN",D14)),"HN", IF(ISNUMBER(SEARCH("ĐN",D14)),"ĐN",""))) -> HCM
A15: =IF(Table2[[#This Row],[Code CC- ]]="", "", A14+1) -> 12 | B15: DV | C15: 45698 | D15: CC_120225-HCM | F15: BENH VIEN THONG NHAT | G15: 1 LY THUONG KIET, PHUONG 7, QUAN TAN BINH, TP. HO CHI MINH | H15: TEGRUCIL-1 (HOP/100VIEN) - EU | I15: 243474 | J15: NA | K15: 46713 | L15: Viên | M15: 2790 | N15: Tháng 9/2024 Viện kiểm nghiệm thuốc TP.HCM có thực hiện lấy mẫu thuốc Tegrucil-1, số lô 241600. Đến tháng 02/2025 Bệnh viện Thống Nhất có nhận được kết quả mẫu thuốc không đạt yêu cầu chất lượng theo quy định (file đính kèm). Hiện nay, lô thuốc trên đã sử dụng hết và bệnh viện đang tồn 2.790 viên Tegrucil-1, số lô 243474. Yêu cầu công ty kiểm tra chất lượng và phản hồi lại bằng văn bản lô thuốc số 243474 để bệnh viện tiếp tục sử dụng | O15: Lỗi từ nhà sản xuất | P15: Ngày 11/02/2025, gửi email đến hãng và hãng nhận thông tin, đang chờ fb từ hãng Ngày 21/05/2025, hãng gửi email đồng ý thu về toàn bộ các lô còn tồn tại BV | S15: Xuất mẫu theo đợt | U15: =MONTH(Table2[[#This Row],[Ngày date]]) -> 2 | V15: =IF(K15="","CHƯA NHẬP NGÀY",TEXT(K15,"dd/mm/yyyy")) -> 22/11/2027 | W15: =IF(T15="","CHƯA NHẬP NGÀY",TEXT(T15,"dd/mm/yyyy")) -> CHƯA NHẬP NGÀY | X15: =IF(J15="","CHƯA NHẬP NGÀY",TEXT(J15,"dd/mm/yyyy")) -> NA | Y15: =HYPERLINK('Danh mục'!$D$1&"20"&MID(D15,8,2)&"\"&D15,D15) -> CC_120225-HCM | Z15: =YEAR(Table2[[#This Row],[Ngày date]]) -> 2025 | AA15: =IF(ISNUMBER(SEARCH("HCM",D15)),"HCM", IF(ISNUMBER(SEARCH("HN",D15)),"HN", IF(ISNUMBER(SEARCH("ĐN",D15)),"ĐN",""))) -> HCM
A16: =IF(Table2[[#This Row],[Code CC- ]]="", "", A15+1) -> 13 | B16: SA | C16: 45699 | D16: CC_130225-HCM | F16: CONG TY CO PHAN BENH VIEN MY PHUOC | G16: THUA DAT SO 2292, TO BAN DO SO 58, DUONG TC3, TO 6, KHU PHO 3, PHUONG MY PHUOC, THANH PHO BEN CAT, TINH BINH DUONG, VIET NAM | H16: VAXIGRIP TETRA BOX OF 1 SYR 0.5ML | I16: Y4A171V | J16: 45471 | K16: 45808 | L16: Hộp | M16: 1 | N16: 1 hộp vaccine vaxigrip bị nghẹt pitton không đẩy lên được | O16: Lỗi từ nhà sản xuất | P16: 11/02/2025 báo email cho hãng và nhận được hướng xử lý 12/02/2025 nhận được thông tin số lô và hạn dùng sản phẩm khiếu nại --> Hoàn tất | Q16: x | R16: ZALO | S16: XUẤT MẪU NGAY NHẬN | T16: 45771 | U16: =MONTH(Table2[[#This Row],[Ngày date]]) -> 2 | V16: =IF(K16="","CHƯA NHẬP NGÀY",TEXT(K16,"dd/mm/yyyy")) -> 31/05/2025 | W16: =IF(T16="","CHƯA NHẬP NGÀY",TEXT(T16,"dd/mm/yyyy")) -> 24/04/2025 | X16: =IF(J16="","CHƯA NHẬP NGÀY",TEXT(J16,"dd/mm/yyyy")) -> 28/06/2024 | Y16: =HYPERLINK('Danh mục'!$D$1&"20"&MID(D16,8,2)&"\"&D16,D16) -> CC_130225-HCM | Z16: =YEAR(Table2[[#This Row],[Ngày date]]) -> 2025 | AA16: =IF(ISNUMBER(SEARCH("HCM",D16)),"HCM", IF(ISNUMBER(SEARCH("HN",D16)),"HN", IF(ISNUMBER(SEARCH("ĐN",D16)),"ĐN",""))) -> HCM
A17: =IF(Table2[[#This Row],[Code CC- ]]="", "", A16+1) -> 14 | B17: SA | C17: 45701 | D17: CC_140225-HCM | F17: TRUNG TAM TIEM CHUNG VAC XIN NINH HOA | G17: 594 - 596 TRAN QUY CAP, TO DAN PHO 1, PHUONG NINH HIEP, THI XA NINH HOA, TINH KHANH HOA | H17: VERORAB 0.5ML 10D INJ VL10+P10 M36 H VN | I17: X1D421V | J17: 45274 | K17: 46356 | L17: Hộp | M17: 1 | N17: 1 hộp vaccine Verorab không bơm nước pha vào lọ được và phần kim bị gỉ sét | O17: Lỗi từ nhà sản xuất | P17: 14/02/2025 báo email cho hãng 17/02/2025 hãng chấp nhận khiếu nại và tiến hành thu hồi xuất sang văn phòng hãng --> Hoàn tất | Q17: x | R17: ZALO | S17: XUẤT MẪU NGAY NHẬN | U17: =MONTH(Table2[[#This Row],[Ngày date]]) -> 2 | V17: =IF(K17="","CHƯA NHẬP NGÀY",TEXT(K17,"dd/mm/yyyy")) -> 30/11/2026 | W17: =IF(T17="","CHƯA NHẬP NGÀY",TEXT(T17,"dd/mm/yyyy")) -> CHƯA NHẬP NGÀY | X17: =IF(J17="","CHƯA NHẬP NGÀY",TEXT(J17,"dd/mm/yyyy")) -> 14/12/2023 | Y17: =HYPERLINK('Danh mục'!$D$1&"20"&MID(D17,8,2)&"\"&D17,D17) -> CC_140225-HCM | Z17: =YEAR(Table2[[#This Row],[Ngày date]]) -> 2025 | AA17: =IF(ISNUMBER(SEARCH("HCM",D17)),"HCM", IF(ISNUMBER(SEARCH("HN",D17)),"HN", IF(ISNUMBER(SEARCH("ĐN",D17)),"ĐN",""))) -> HCM
A18: =IF(Table2[[#This Row],[Code CC- ]]="", "", A17+1) -> 15 | B18: SA | C18: 45707 | D18: CC_150225-HCM | F18: Zuellig Viet Nam | G18: 7-9 Đường Số 8, Tân Tạo A, Bình Tân, Hồ Chí Minh | H18: IMOJEV 0.5ML 1DOSE | I18: 08A2306GA | J18: NA | K18: 46164 | L18: Hộp | M18: 1 | N18: Trong đợt nhận hàng IMOJEV vừa qua từ Hoàng Đức, kho ZPV có phát hiện một trường hợp hàng bị hư hỏng (hộp bị móp) được ghi nhận như hình ảnh và biên bản đính kèm | O18: Lỗi từ nhà sản xuất | P18: 19/02/2025 báo email cho hãng 20/02/2025 nhận được phản hồi từ hãng. Không ảnh hưởng chất lượng nên hàng bán bình thường (móp nhẹ) | S18: Chuyển bán | U18: =MONTH(Table2[[#This Row],[Ngày date]]) -> 2 | V18: =IF(K18="","CHƯA NHẬP NGÀY",TEXT(K18,"dd/mm/yyyy")) -> 22/05/2026 | W18: =IF(T18="","CHƯA NHẬP NGÀY",TEXT(T18,"dd/mm/yyyy")) -> CHƯA NHẬP NGÀY | X18: =IF(J18="","CHƯA NHẬP NGÀY",TEXT(J18,"dd/mm/yyyy")) -> NA | Y18: =HYPERLINK('Danh mục'!$D$1&"20"&MID(D18,8,2)&"\"&D18,D18) -> CC_150225-HCM | Z18: =YEAR(Table2[[#This Row],[Ngày date]]) -> 2025 | AA18: =IF(ISNUMBER(SEARCH("HCM",D18)),"HCM", IF(ISNUMBER(SEARCH("HN",D18)),"HN", IF(ISNUMBER(SEARCH("ĐN",D18)),"ĐN",""))) -> HCM
A19: =IF(Table2[[#This Row],[Code CC- ]]="", "", A18+1) -> 16 | B19: IMEX | C19: 45715 | D19: CC_160225-HCM | F19: CONG TY CO PHAN DUOC PHAM AN KHANG PHARMA | G19: LO 2.11H, DUONG SO 6, KHU CONG NGHIEP TRA NOC II, PHUONG PHUOC THOI, QUAN O MON, THANH PHO CAN THO | H19: OSPAMOX 500MG TAB 10'S | I19: 00523 | J19: NA | K19: 46618 | L19: Vỉ | M19: 3 | N19: Sản phẩm bị lỗi thiếu số lượng trong vỉ | O19: Lỗi từ nhà sản xuất | P19: 27/02/2025, nhận được xác nhận từ team kinh doanh đổi hàng cho khách 03/03/2025 báo email complaint với nhà sản xuất 18/03/2025 vẫn chưa nhận được phản hồi từ hãng 21/03/2025, nhận được email từ nhà máy, đồng ý đền bù cho khách và sẽ xuất trả mẫu cho nhà máy để điều tra nguyên nhân | S19: XUẤT MẪU NGAY NHẬN | T19: 45735 | U19: =MONTH(Table2[[#This Row],[Ngày date]]) -> 2 | V19: =IF(K19="","CHƯA NHẬP NGÀY",TEXT(K19,"dd/mm/yyyy")) -> 19/08/2027 | W19: =IF(T19="","CHƯA NHẬP NGÀY",TEXT(T19,"dd/mm/yyyy")) -> 19/03/2025 | X19: =IF(J19="","CHƯA NHẬP NGÀY",TEXT(J19,"dd/mm/yyyy")) -> NA | Y19: =HYPERLINK('Danh mục'!$D$1&"20"&MID(D19,8,2)&"\"&D19,D19) -> CC_160225-HCM | Z19: =YEAR(Table2[[#This Row],[Ngày date]]) -> 2025 | AA19: =IF(ISNUMBER(SEARCH("HCM",D19)),"HCM", IF(ISNUMBER(SEARCH("HN",D19)),"HN", IF(ISNUMBER(SEARCH("ĐN",D19)),"ĐN",""))) -> HCM
A20: =IF(Table2[[#This Row],[Code CC- ]]="", "", A19+1) -> 17 | B20: IMEX | C20: 45715 | D20: CC_160225-HCM | F20: CONG TY CO PHAN DUOC PHAM AN KHANG PHARMA | G20: LO 2.11H, DUONG SO 6, KHU CONG NGHIEP TRA NOC II, PHUONG PHUOC THOI, QUAN O MON, THANH PHO CAN THO | H20: OSPAMOX 500MG TAB 10'S | I20: 02623 | J20: NA | K20: 46644 | L20: Vỉ | M20: 5 | N20: Sản phẩm bị lỗi thiếu số lượng trong vỉ | O20: Lỗi từ nhà sản xuất | P20: 27/02/2025, nhận được xác nhận từ team kinh doanh đổi hàng cho khách 03/03/2025 báo email complaint với nhà sản xuất 18/03/2025 vẫn chưa nhận được phản hồi từ hãng 21/03/2025, nhận được email từ nhà máy, đồng ý đền bù cho khách và sẽ xuất trả mẫu cho nhà máy để điều tra nguyên nhân | S20: XUẤT MẪU NGAY NHẬN | T20: 45735 | U20: =MONTH(Table2[[#This Row],[Ngày date]]) -> 2 | V20: =IF(K20="","CHƯA NHẬP NGÀY",TEXT(K20,"dd/mm/yyyy")) -> 14/09/2027 | W20: =IF(T20="","CHƯA NHẬP NGÀY",TEXT(T20,"dd/mm/yyyy")) -> 19/03/2025 | X20: =IF(J20="","CHƯA NHẬP NGÀY",TEXT(J20,"dd/mm/yyyy")) -> NA | Y20: =HYPERLINK('Danh mục'!$D$1&"20"&MID(D20,8,2)&"\"&D20,D20) -> CC_160225-HCM | Z20: =YEAR(Table2[[#This Row],[Ngày date]]) -> 2025 | AA20: =IF(ISNUMBER(SEARCH("HCM",D20)),"HCM", IF(ISNUMBER(SEARCH("HN",D20)),"HN", IF(ISNUMBER(SEARCH("ĐN",D20)),"ĐN",""))) -> HCM
A21: =IF(Table2[[#This Row],[Code CC- ]]="", "", A20+1) -> 18 | B21: IMEX | C21: 45715 | D21: CC_160225-HCM | F21: CONG TY CO PHAN DUOC PHAM AN KHANG PHARMA | G21: LO 2.11H, DUONG SO 6, KHU CONG NGHIEP TRA NOC II, PHUONG PHUOC THOI, QUAN O MON, THANH PHO CAN THO | H21: OSPAMOX 500MG TAB 10'S | I21: 01523 | J21: NA | K21: 46636 | L21: Vỉ | M21: 1 | N21: Sản phẩm bị lỗi thiếu số lượng trong vỉ | O21: Lỗi không xuất phát từ quá trình sản xuất, đóng gói giao nhận | P21: 27/02/2025, nhận được xác nhận từ team kinh doanh đổi hàng cho khách 03/03/2025 báo email complaint với nhà sản xuất 18/03/2025 vẫn chưa nhận được phản hồi từ hãng 21/03/2025, nhận được email từ nhà máy, đồng ý đền bù cho khách và sẽ xuất trả mẫu cho nhà máy để điều tra nguyên nhân Ngày 15/04/2025 nhận được công văn giải thích của nhà máy, lỗi không xuất phát từ quá trình sản xuất, đóng gói giao nhận | S21: XUẤT MẪU NGAY NHẬN | T21: 45735 | U21: =MONTH(Table2[[#This Row],[Ngày date]]) -> 2 | V21: =IF(K21="","CHƯA NHẬP NGÀY",TEXT(K21,"dd/mm/yyyy")) -> 06/09/2027 | W21: =IF(T21="","CHƯA NHẬP NGÀY",TEXT(T21,"dd/mm/yyyy")) -> 19/03/2025 | X21: =IF(J21="","CHƯA NHẬP NGÀY",TEXT(J21,"dd/mm/yyyy")) -> NA | Y21: =HYPERLINK('Danh mục'!$D$1&"20"&MID(D21,8,2)&"\"&D21,D21) -> CC_160225-HCM | Z21: =YEAR(Table2[[#This Row],[Ngày date]]) -> 2025 | AA21: =IF(ISNUMBER(SEARCH("HCM",D21)),"HCM", IF(ISNUMBER(SEARCH("HN",D21)),"HN", IF(ISNUMBER(SEARCH("ĐN",D21)),"ĐN",""))) -> HCM
A22: =IF(Table2[[#This Row],[Code CC- ]]="", "", A21+1) -> 19 | B22: IMEX | C22: 45715 | D22: CC_160225-HCM | F22: CONG TY CO PHAN DUOC PHAM AN KHANG PHARMA | G22: LO 2.11H, DUONG SO 6, KHU CONG NGHIEP TRA NOC II, PHUONG PHUOC THOI, QUAN O MON, THANH PHO CAN THO | H22: OSPAMOX 500MG TAB 10'S | I22: 02623 | J22: NA | K22: 46644 | L22: Vỉ | M22: 5 | N22: Sản phẩm bị lỗi thiếu số lượng trong vỉ | O22: Lỗi từ nhà sản xuất | P22: 27/02/2025, nhận được xác nhận từ team kinh doanh đổi hàng cho khách 03/03/2025 báo email complaint với nhà sản xuất 18/03/2025 vẫn chưa nhận được phản hồi từ hãng 21/03/2025, nhận được email từ nhà máy, đồng ý đền bù cho khách và sẽ xuất trả mẫu cho nhà máy để điều tra nguyên nhân | S22: XUẤT MẪU NGAY NHẬN | T22: 45735 | U22: =MONTH(Table2[[#This Row],[Ngày date]]) -> 2 | V22: =IF(K22="","CHƯA NHẬP NGÀY",TEXT(K22,"dd/mm/yyyy")) -> 14/09/2027 | W22: =IF(T22="","CHƯA NHẬP NGÀY",TEXT(T22,"dd/mm/yyyy")) -> 19/03/2025 | X22: =IF(J22="","CHƯA NHẬP NGÀY",TEXT(J22,"dd/mm/yyyy")) -> NA | Y22: =HYPERLINK('Danh mục'!$D$1&"20"&MID(D22,8,2)&"\"&D22,D22) -> CC_160225-HCM | Z22: =YEAR(Table2[[#This Row],[Ngày date]]) -> 2025 | AA22: =IF(ISNUMBER(SEARCH("HCM",D22)),"HCM", IF(ISNUMBER(SEARCH("HN",D22)),"HN", IF(ISNUMBER(SEARCH("ĐN",D22)),"ĐN",""))) -> HCM
A23: =IF(Table2[[#This Row],[Code CC- ]]="", "", A22+1) -> 20 | B23: IMEX | C23: 45715 | D23: CC_160225-HCM | F23: CONG TY CO PHAN DUOC PHAM AN KHANG PHARMA | G23: LO 2.11H, DUONG SO 6, KHU CONG NGHIEP TRA NOC II, PHUONG PHUOC THOI, QUAN O MON, THANH PHO CAN THO | H23: OSPAMOX 500MG TAB 10'S | I23: 00523 | J23: NA | K23: 46618 | L23: Vỉ | M23: 3 | N23: Sản phẩm bị lỗi thiếu số lượng trong vỉ | O23: Lỗi từ nhà sản xuất | P23: 27/02/2025, nhận được xác nhận từ team kinh doanh đổi hàng cho khách 03/03/2025 báo email complaint với nhà sản xuất 18/03/2025 vẫn chưa nhận được phản hồi từ hãng 21/03/2025, nhận được email từ nhà máy, đồng ý đền bù cho khách và sẽ xuất trả mẫu cho nhà máy để điều tra nguyên nhân | S23: XUẤT MẪU NGAY NHẬN | T23: 45735 | U23: =MONTH(Table2[[#This Row],[Ngày date]]) -> 2 | V23: =IF(K23="","CHƯA NHẬP NGÀY",TEXT(K23,"dd/mm/yyyy")) -> 19/08/2027 | W23: =IF(T23="","CHƯA NHẬP NGÀY",TEXT(T23,"dd/mm/yyyy")) -> 19/03/2025 | X23: =IF(J23="","CHƯA NHẬP NGÀY",TEXT(J23,"dd/mm/yyyy")) -> NA | Y23: =HYPERLINK('Danh mục'!$D$1&"20"&MID(D23,8,2)&"\"&D23,D23) -> CC_160225-HCM | Z23: =YEAR(Table2[[#This Row],[Ngày date]]) -> 2025 | AA23: =IF(ISNUMBER(SEARCH("HCM",D23)),"HCM", IF(ISNUMBER(SEARCH("HN",D23)),"HN", IF(ISNUMBER(SEARCH("ĐN",D23)),"ĐN",""))) -> HCM
A24: =IF(Table2[[#This Row],[Code CC- ]]="", "", A23+1) -> 21 | B24: RD | C24: 45728 | D24: CC_170325-HN | F24: BENH VIEN DA KHOA PHUONG DONG | G24: SO 9, PHO VIEN, PHUONG CO NHUE 2, QUAN BAC TU LIEM , HA NOI | H24: PODOXRED 500MG (H/1 LO) | I24: H240904 | J24: NA | K24: 46326 | L24: Hộp | M24: 1 | N24: lọ thuốc bị thủng đáy và bột bị rơi ra ngoài (hình ảnh đính kèm) | O24: Lỗi từ nhà sản xuất | P24: Nhận được email từ CS rằng hãng đồng ý đền bù 12/03/2025 | S24: Chờ hủy | U24: =MONTH(Table2[[#This Row],[Ngày date]]) -> 3 | V24: =IF(K24="","CHƯA NHẬP NGÀY",TEXT(K24,"dd/mm/yyyy")) -> 31/10/2026 | W24: =IF(T24="","CHƯA NHẬP NGÀY",TEXT(T24,"dd/mm/yyyy")) -> CHƯA NHẬP NGÀY | X24: =IF(J24="","CHƯA NHẬP NGÀY",TEXT(J24,"dd/mm/yyyy")) -> NA | Y24: =HYPERLINK('Danh mục'!$D$1&"20"&MID(D24,8,2)&"\"&D24,D24) -> CC_170325-HN | Z24: =YEAR(Table2[[#This Row],[Ngày date]]) -> 2025 | AA24: =IF(ISNUMBER(SEARCH("HCM",D24)),"HCM", IF(ISNUMBER(SEARCH("HN",D24)),"HN", IF(ISNUMBER(SEARCH("ĐN",D24)),"ĐN",""))) -> HN
A25: =IF(Table2[[#This Row],[Code CC- ]]="", "", A24+1) -> 22 | B25: SA | C25: 45729 | D25: CC_180325-HN | F25: CONG TY DUOC PHAM HA NOI | G25: 170 Đ. LA THÀNH, CHỢ DỪA, ĐỐNG ĐA, HÀ NỘI | H25: Depakine 200mg TABEC TB40 – SPAIN | I25: ELB03419 4R983 | J25: NA | K25: 04/2027 05/2027 | L25: hộp | M25: 8 | N25: Depakine Solution 200mg BTLX40ml VN tổng số lượng 2.000 hộp ở hóa đơn 23438 số lượng 1.000 hộp và hóa đơn 23463 số lượng 1.000 hộp cùng lô ELB03419 hạn dùng 04/2027 có 01 hộp bị móp méo trong kiện nguyên. Depakine 200mg TABEC TB40 – SPAIN hóa đơn 23464 số lượng 1.720 hộp lô 4R983 hạn dùng 05/2027 có 07 hộp bị móp méo trong kiện nguyên | O25: Không xác định được nguyên nhân | P25: Ngày 17/03/2025, báo email cho khách, kho, GSDP xin thêm thông tin cho điều tra nguyên nhân Ngày 20/03/2025, báo email cho khách đồng ý đổi hàng cho khách, vì hàng móp nhẹ, không ảnh hưởng chất lượng sản phẩm bên trong. Hàng khiếu nại thu về sẽ xem xét cho việc release | S25: Chuyển bán | U25: =MONTH(Table2[[#This Row],[Ngày date]]) -> 3 | V25: =IF(K25="","CHƯA NHẬP NGÀY",TEXT(K25,"dd/mm/yyyy")) -> 04/2027 05/2027 | W25: =IF(T25="","CHƯA NHẬP NGÀY",TEXT(T25,"dd/mm/yyyy")) -> CHƯA NHẬP NGÀY | X25: =IF(J25="","CHƯA NHẬP NGÀY",TEXT(J25,"dd/mm/yyyy")) -> NA | Y25: =HYPERLINK('Danh mục'!$D$1&"20"&MID(D25,8,2)&"\"&D25,D25) -> CC_180325-HN | Z25: =YEAR(Table2[[#This Row],[Ngày date]]) -> 2025 | AA25: =IF(ISNUMBER(SEARCH("HCM",D25)),"HCM", IF(ISNUMBER(SEARCH("HN",D25)),"HN", IF(ISNUMBER(SEARCH("ĐN",D25)),"ĐN",""))) -> HN
A26: =IF(Table2[[#This Row],[Code CC- ]]="", "", A25+1) -> 23 | B26: OPELLA | C26: 45733 | D26: CC_190325-HCM HUY | F26: TRUNG TAM Y TE HUYEN DAM RONG | G26: THON 1, RO MEN, HUYEN DAM RONG, TINH LAM DONG | H26: NO-SPA 40MG/2ML INJ AM25 VN | I26: HC410A | J26: 45447 | K26: 46542 | L26: Ống | M26: 3 | N26: Bị vỡ | O26: Lỗi từ nhà sản xuất | P26: Ngày 17/03/2025, báo email cho CS xin thêm thông tin Ngày 18/03/2025, remind CS | S26: Xuất mẫu theo đợt | U26: =MONTH(Table2[[#This Row],[Ngày date]]) -> 3 | V26: =IF(K26="","CHƯA NHẬP NGÀY",TEXT(K26,"dd/mm/yyyy")) -> 04/06/2027 | W26: =IF(T26="","CHƯA NHẬP NGÀY",TEXT(T26,"dd/mm/yyyy")) -> CHƯA NHẬP NGÀY | X26: =IF(J26="","CHƯA NHẬP NGÀY",TEXT(J26,"dd/mm/yyyy")) -> 04/06/2024 | Y26: =HYPERLINK('Danh mục'!$D$1&"20"&MID(D26,8,2)&"\"&D26,D26) -> CC_190325-HCM HUY | Z26: =YEAR(Table2[[#This Row],[Ngày date]]) -> 2025 | AA26: =IF(ISNUMBER(SEARCH("HCM",D26)),"HCM", IF(ISNUMBER(SEARCH("HN",D26)),"HN", IF(ISNUMBER(SEARCH("ĐN",D26)),"ĐN",""))) -> HCM
A27: =IF(Table2[[#This Row],[Code CC- ]]="", "", A26+1) -> 24 | B27: SA | C27: 45733 | D27: CC_200325-HCM | F27: HO KINH DOANH TIEM CHUNG VAC – XIN DICH VU TNT - NINH HOA | G27: 543 TRAN QUY CAP TDP 2, PHUONG NINH HIEP, THI XA NINH HOA, TINH KHANH HOA | H27: VERORAB 0.5ML 10D INJ VL10+P10 M36 H VN | I27: Y1A082V | J27: 45328 | K27: 46418 | L27: Lọ | M27: 1 | N27: Khi chuẩn bị sử dụng thuốc cho khách hàng, 1 bơm tiêm chứa dung môi bị cứng không thể thực hiện các thao tác tiếp theo được | O27: Lỗi từ nhà sản xuất | P27: Ngày 18/03/2025, nhận được email hướng xử lý từ hãng | Q27: x | R27: email | S27: XUẤT MẪU NGAY NHẬN | T27: 45763 | U27: =MONTH(Table2[[#This Row],[Ngày date]]) -> 3 | V27: =IF(K27="","CHƯA NHẬP NGÀY",TEXT(K27,"dd/mm/yyyy")) -> 31/01/2027 | W27: =IF(T27="","CHƯA NHẬP NGÀY",TEXT(T27,"dd/mm/yyyy")) -> 16/04/2025 | X27: =IF(J27="","CHƯA NHẬP NGÀY",TEXT(J27,"dd/mm/yyyy")) -> 06/02/2024 | Y27: =HYPERLINK('Danh mục'!$D$1&"20"&MID(D27,8,2)&"\"&D27,D27) -> CC_200325-HCM | Z27: =YEAR(Table2[[#This Row],[Ngày date]]) -> 2025 | AA27: =IF(ISNUMBER(SEARCH("HCM",D27)),"HCM", IF(ISNUMBER(SEARCH("HN",D27)),"HN", IF(ISNUMBER(SEARCH("ĐN",D27)),"ĐN",""))) -> HCM
A28: =IF(Table2[[#This Row],[Code CC- ]]="", "", A27+1) -> 25 | B28: AB | C28: 45737 | D28: CC_210325-HN | F28: NHA THUOC TAY HAI | G28: SO 40 NGU CAU 1, AN THUONG, HOAI DUC, HA NOI | H28: RINOFIL SYRUP 2.5MG/5ML BT 15ML B/1 | I28: J231007 | J28: 45200 | K28: 45930 | L28: Hộp | M28: 1 | N28: Không có thuốc bên trong | O28: Lỗi từ nhà sản xuất | P28: Ngày 21/03/2025, báo email cho Plan để làm việc với nhà cung cấp Ngày 24/03/2025, nhờ CS xin thêm thông tin để Plan báo hãng Ngày 27/03/2025, nhận được thông tin và đã phản hồi cho cho Plan Ngày 04/04/2025, nhận được hướng xử lý từ hãng, chấp nhận đền bù cho khách | S28: XUẤT MẪU NGAY NHẬN | U28: =MONTH(Table2[[#This Row],[Ngày date]]) -> 3 | V28: =IF(K28="","CHƯA NHẬP NGÀY",TEXT(K28,"dd/mm/yyyy")) -> 30/09/2025 | W28: =IF(T28="","CHƯA NHẬP NGÀY",TEXT(T28,"dd/mm/yyyy")) -> CHƯA NHẬP NGÀY | X28: =IF(J28="","CHƯA NHẬP NGÀY",TEXT(J28,"dd/mm/yyyy")) -> 01/10/2023 | Y28: =HYPERLINK('Danh mục'!$D$1&"20"&MID(D28,8,2)&"\"&D28,D28) -> CC_210325-HN | Z28: =YEAR(Table2[[#This Row],[Ngày date]]) -> 2025 | AA28: =IF(ISNUMBER(SEARCH("HCM",D28)),"HCM", IF(ISNUMBER(SEARCH("HN",D28)),"HN", IF(ISNUMBER(SEARCH("ĐN",D28)),"ĐN",""))) -> HN
A29: =IF(Table2[[#This Row],[Code CC- ]]="", "", A28+1) -> 26 | B29: SA | C29: 45737 | D29: CC_220325-HCM | F29: KHOA DUOC BENH VIEN QUAN Y 175 | G29: 786 NGUYEN KIEM, PHUONG 3, QUAN GO VAP, THANH PHO HO CHI MINH | H29: DEPAKINE CHRONO 500MG TUBE OF 30 TABS VN | I29: FAS3705 | J29: 07/2020 | K29: 46568 | L29: Hộp | M29: 1 | N29: lọ thuốc bị nứt | O29: Lỗi từ nhà sản xuất | P29: Ngày 24/03/2025, nhận được hướng xử lý của hãng, hãng đồng ý khiếu nại | Q29: x | R29: hình ảnh | S29: Xuất mẫu theo đợt | T29: 45765 | U29: =MONTH(Table2[[#This Row],[Ngày date]]) -> 3 | V29: =IF(K29="","CHƯA NHẬP NGÀY",TEXT(K29,"dd/mm/yyyy")) -> 30/06/2027 | W29: =IF(T29="","CHƯA NHẬP NGÀY",TEXT(T29,"dd/mm/yyyy")) -> 18/04/2025 | X29: =IF(J29="","CHƯA NHẬP NGÀY",TEXT(J29,"dd/mm/yyyy")) -> 01/07/2020 | Y29: =HYPERLINK('Danh mục'!$D$1&"20"&MID(D29,8,2)&"\"&D29,D29) -> CC_220325-HCM | Z29: =YEAR(Table2[[#This Row],[Ngày date]]) -> 2025 | AA29: =IF(ISNUMBER(SEARCH("HCM",D29)),"HCM", IF(ISNUMBER(SEARCH("HN",D29)),"HN", IF(ISNUMBER(SEARCH("ĐN",D29)),"ĐN",""))) -> HCM
A30: =IF(Table2[[#This Row],[Code CC- ]]="", "", A29+1) -> 27 | B30: DV | C30: 45737 | D30: CC_230325-HCM | F30: CONG TY CO PHAN DAU TU BENH VIEN XUYEN A – CN VINH LONG | G30: SO 68E – DUONG PHAM HUNG – TO 69 – KHOM 2 – PHUONG 9 – TP VINH LONG – TINH VINH LONG | H30: CODODAMED 75MG (HOP/ 56 VIEN) | I30: 12917535 | J30: 45159 | K30: 46255 | L30: VỈ | M30: 7 | N30: Trong 7 vỉ đó. Có khoảng 10 viên bị đổ hoạt chất ra ngoài nang (mỗi vỉ bị 1 hoặc 2 viên) Bv chỉ lưu lại vỉ lỗi chứ không có chừa cả hộp, mỗi hộp bị 1 vỉ | O30: Lỗi từ nhà sản xuất | P30: Ngày 25/03/2025, báo cho Plan Xin thêm thông tin hình ảnh Ngày 04/04/2025, DAVI yêu cầu điều tra nguyên nhân 21/04/2025, nhận được thông tin từ nhà máy DAVI không do DAVI nhập khẩu nên đóng case 22/04/2025, SALE DAVI sẽ làm việc trực tiếp với bệnh viện 05/05/2025, bệnh viện đã được Sale liên hệ | S30: Không chấp nhận khiếu nại | U30: =MONTH(Table2[[#This Row],[Ngày date]]) -> 3 | V30: =IF(K30="","CHƯA NHẬP NGÀY",TEXT(K30,"dd/mm/yyyy")) -> 21/08/2026 | W30: =IF(T30="","CHƯA NHẬP NGÀY",TEXT(T30,"dd/mm/yyyy")) -> CHƯA NHẬP NGÀY | X30: =IF(J30="","CHƯA NHẬP NGÀY",TEXT(J30,"dd/mm/yyyy")) -> 21/08/2023 | Y30: =HYPERLINK('Danh mục'!$D$1&"20"&MID(D30,8,2)&"\"&D30,D30) -> CC_230325-HCM | Z30: =YEAR(Table2[[#This Row],[Ngày date]]) -> 2025 | AA30: =IF(ISNUMBER(SEARCH("HCM",D30)),"HCM", IF(ISNUMBER(SEARCH("HN",D30)),"HN", IF(ISNUMBER(SEARCH("ĐN",D30)),"ĐN",""))) -> HCM
A31: =IF(Table2[[#This Row],[Code CC- ]]="", "", A30+1) -> 28 | B31: AZ | C31: 45743 | D31: CC_240325-HCM | F31: BENH VIEN NGUYEN TRAI | G31: 314 NGUYEN TRAI, PHUONG 7, QUAN 5, THANH PHO HO CHI MINH | H31: ZOLADEX 3.6 MG DEPOT 1'S | I31: SN173 | J31: 45280 | K31: 46011 | L31: Hộp | M31: 1 | N31: Báo phát hiện đầu kim bị thụt vào trong không sử dụng được cho bệnh nhân | O31: Lỗi từ nhà sản xuất | P31: Ngày 27/03/2025 báo email cho hãng Ngày 01/04/2025 nhận được email từ hãng chấp nhận khiếu nại và xuất mẫu khiếu nại về nhà máy --> Hoàn tất | S31: XUẤT MẪU NGAY NHẬN | U31: =MONTH(Table2[[#This Row],[Ngày date]]) -> 3 | V31: =IF(K31="","CHƯA NHẬP NGÀY",TEXT(K31,"dd/mm/yyyy")) -> 20/12/2025 | W31: =IF(T31="","CHƯA NHẬP NGÀY",TEXT(T31,"dd/mm/yyyy")) -> CHƯA NHẬP NGÀY | X31: =IF(J31="","CHƯA NHẬP NGÀY",TEXT(J31,"dd/mm/yyyy")) -> 20/12/2023 | Y31: =HYPERLINK('Danh mục'!$D$1&"20"&MID(D31,8,2)&"\"&D31,D31) -> CC_240325-HCM | Z31: =YEAR(Table2[[#This Row],[Ngày date]]) -> 2025 | AA31: =IF(ISNUMBER(SEARCH("HCM",D31)),"HCM", IF(ISNUMBER(SEARCH("HN",D31)),"HN", IF(ISNUMBER(SEARCH("ĐN",D31)),"ĐN",""))) -> HCM
A32: =IF(Table2[[#This Row],[Code CC- ]]="", "", A31+1) -> 29 | B32: SA | C32: 45743 | D32: CC_250325-HCM | F32: BENH VIEN PHAP VIET | G32: 6 NGUYEN LUONG BANG, PHUONG TAN PHU,DO THI MOI NAM TP, QUAN 7, TP HCM | H32: HEXAXIM BOX OF 1 PRE-FILLED SYRINGE + 2 NEEDLES | I32: W3B234V | J32: 44533 | K32: 45991 | L32: NA | M32: NA | N32: KH cá nhân đã tiêm 3 mũi vaccine HEXAXIM BOX OF 1 PRE-FILLED SYRINGE + 2 NEEDLES, mũi gần nhất tiêm đầu tháng 2/2024 ( thông tin sản phẩm : Số lô: w3b234v; Hạn dùng Tháng 11/2025; Ngày Sản xuất 03/12/2021 KH tìm hiểu trên internet thông tin thường vaccine có HSD 3 năm nhưng trên vỏ hộp để HSD 4 năm, hiện KH lo lắng cần giải đáp thắc mắc hiện mặt hàng HEXAXIM có HSD 3 năm hay 4 năm | O32: Thắc mắc của khách hàng về hạn dùng | P32: Ngày 28/03/2025 nhận được câu trả lời để giải đáp thắc mắc cho khách --> Hoàn tất | S32: Trả lời câu hỏi | T32: 45744 | U32: =MONTH(Table2[[#This Row],[Ngày date]]) -> 3 | V32: =IF(K32="","CHƯA NHẬP NGÀY",TEXT(K32,"dd/mm/yyyy")) -> 30/11/2025 | W32: =IF(T32="","CHƯA NHẬP NGÀY",TEXT(T32,"dd/mm/yyyy")) -> 28/03/2025 | X32: =IF(J32="","CHƯA NHẬP NGÀY",TEXT(J32,"dd/mm/yyyy")) -> 03/12/2021 | Y32: =HYPERLINK('Danh mục'!$D$1&"20"&MID(D32,8,2)&"\"&D32,D32) -> CC_250325-HCM | Z32: =YEAR(Table2[[#This Row],[Ngày date]]) -> 2025 | AA32: =IF(ISNUMBER(SEARCH("HCM",D32)),"HCM", IF(ISNUMBER(SEARCH("HN",D32)),"HN", IF(ISNUMBER(SEARCH("ĐN",D32)),"ĐN",""))) -> HCM
A33: =IF(Table2[[#This Row],[Code CC- ]]="", "", A32+1) -> 30 | B33: MG | C33: 45744 | D33: CC_260325-HCM | F33: TRUNG TAM Y TE THI XA DUYEN HAI | G33: KHOM 3, PHUONG 1, THI XA DUYEN HAI, TINH TRA VINH | H33: INSUNOVA -G PEN (HOP/1 BUT TIEM NAP SAN 3ML DUNG DICH THUOC ) | I33: BF24002924 | J33: 45437 | K33: 46531 | L33: Bút | M33: 1 | N33: Báo thông tin thuốc bị kẹt không vặn chỉnh liều được | O33: Lỗi từ nhà sản xuất | P33: Ngày 28/03/2025 nhận được hướng xử lý của hãng, chấp nhận khiếu nại, và xuất mẫu khiếu nại trả hãng Ngày 01/04/2025, nhận được thông tin đổi số lượng khiếu nại từ 05 sang 01 bút | S33: XUẤT MẪU NGAY NHẬN | U33: =MONTH(Table2[[#This Row],[Ngày date]]) -> 3 | V33: =IF(K33="","CHƯA NHẬP NGÀY",TEXT(K33,"dd/mm/yyyy")) -> 24/05/2027 | W33: =IF(T33="","CHƯA NHẬP NGÀY",TEXT(T33,"dd/mm/yyyy")) -> CHƯA NHẬP NGÀY | X33: =IF(J33="","CHƯA NHẬP NGÀY",TEXT(J33,"dd/mm/yyyy")) -> 25/05/2024 | Y33: =HYPERLINK('Danh mục'!$D$1&"20"&MID(D33,8,2)&"\"&D33,D33) -> CC_260325-HCM | Z33: =YEAR(Table2[[#This Row],[Ngày date]]) -> 2025 | AA33: =IF(ISNUMBER(SEARCH("HCM",D33)),"HCM", IF(ISNUMBER(SEARCH("HN",D33)),"HN", IF(ISNUMBER(SEARCH("ĐN",D33)),"ĐN",""))) -> HCM
A34: =IF(Table2[[#This Row],[Code CC- ]]="", "", A33+1) -> 31 | B34: SA | C34: 45750 | D34: CC_270425-HCM | F34: BENH VIEN PHAP VIET | G34: 6 NGUYEN LUONG BANG, PHUONG TAN PHU,DO THI MOI NAM TP, QUAN 7, TP HCM | H34: VERORAB BOX OF 10 VIALS + 10 SYRINGES | I34: X1D421V | J34: 45274 | K34: 46356 | L34: Lọ | M34: 1 | N34: Ống dung môi của Verorab bị lỗi, phần kim phía trong lòng ống màu vàng vàng và pít Tông bị cứng không đẩy lên được | O34: Lỗi từ nhà sản xuất | P34: Ngày 03/04/2025, báo email cho hãng Ngày 08/04/2025, nhận được hướng xử lý đổi hàng cho khách từ hãng --> Hoàn tất | Q34: X | R34: email | S34: XUẤT MẪU NGAY NHẬN | T34: 45765 | U34: =MONTH(Table2[[#This Row],[Ngày date]]) -> 4 | V34: =IF(K34="","CHƯA NHẬP NGÀY",TEXT(K34,"dd/mm/yyyy")) -> 30/11/2026 | W34: =IF(T34="","CHƯA NHẬP NGÀY",TEXT(T34,"dd/mm/yyyy")) -> 18/04/2025 | X34: =IF(J34="","CHƯA NHẬP NGÀY",TEXT(J34,"dd/mm/yyyy")) -> 14/12/2023 | Y34: =HYPERLINK('Danh mục'!$D$1&"20"&MID(D34,8,2)&"\"&D34,D34) -> CC_270425-HCM | Z34: =YEAR(Table2[[#This Row],[Ngày date]]) -> 2025 | AA34: =IF(ISNUMBER(SEARCH("HCM",D34)),"HCM", IF(ISNUMBER(SEARCH("HN",D34)),"HN", IF(ISNUMBER(SEARCH("ĐN",D34)),"ĐN",""))) -> HCM
A35: =IF(Table2[[#This Row],[Code CC- ]]="", "", A34+1) -> 32 | B35: DV | C35: 45751 | D35: CC_280425-ĐN | F35: CÔNG TY CP Y KHOA GIA DINH | G35: 73 Nguyễn Hữu Thọ, Đà Nẵng | H35: DAVYCA 75MG (HOP/28VIEN) - EU | I35: 242116 | J35: NA | K35: 46602 | L35: Viên | M35: 1 | N35: Bị lỗi đổ bột | O35: Lỗi từ nhà sản xuất | P35: Ngày 04/04/2025, báo email cho hãng | S35: XUẤT MẪU NGAY NHẬN | U35: =MONTH(Table2[[#This Row],[Ngày date]]) -> 4 | V35: =IF(K35="","CHƯA NHẬP NGÀY",TEXT(K35,"dd/mm/yyyy")) -> 03/08/2027 | W35: =IF(T35="","CHƯA NHẬP NGÀY",TEXT(T35,"dd/mm/yyyy")) -> CHƯA NHẬP NGÀY | X35: =IF(J35="","CHƯA NHẬP NGÀY",TEXT(J35,"dd/mm/yyyy")) -> NA | Y35: =HYPERLINK('Danh mục'!$D$1&"20"&MID(D35,8,2)&"\"&D35,D35) -> CC_280425-ĐN | Z35: =YEAR(Table2[[#This Row],[Ngày date]]) -> 2025 | AA35: =IF(ISNUMBER(SEARCH("HCM",D35)),"HCM", IF(ISNUMBER(SEARCH("HN",D35)),"HN", IF(ISNUMBER(SEARCH("ĐN",D35)),"ĐN",""))) -> ĐN
A36: =IF(Table2[[#This Row],[Code CC- ]]="", "", A35+1) -> 33 | B36: DV | C36: 45761 | D36: CC_290425-ĐN | F36: CONG TY TNHH DUOC PHAM MEDX | G36: Lô C2-7, đường 15, khu công nghiệp Hoà Cầm, P. Hoà Thọ Tây, Q. Cẩm Lệ, TP Đà Nẵng | H36: ALUMINIUM PHOSPHAT GEL | I36: 223475 | J36: NA | K36: 46018 | L36: Hộp | M36: 1 | N36: 02 gói bị chảy nước | O36: Lỗi từ nhà sản xuất | P36: Đền bù cho khách và thu mẫu khiếu nại Ngày 19/05/2025, nhận được email yêu cầu điều tra tại kho và vận chuyển 19/06/2025, nhận được công văn trả lời từ DAVI --> Hoàn tất | Q36: X | R36: email | S36: XUẤT MẪU NGAY NHẬN | U36: =MONTH(Table2[[#This Row],[Ngày date]]) -> 4 | V36: =IF(K36="","CHƯA NHẬP NGÀY",TEXT(K36,"dd/mm/yyyy")) -> 27/12/2025 | W36: =IF(T36="","CHƯA NHẬP NGÀY",TEXT(T36,"dd/mm/yyyy")) -> CHƯA NHẬP NGÀY | X36: =IF(J36="","CHƯA NHẬP NGÀY",TEXT(J36,"dd/mm/yyyy")) -> NA | Y36: =HYPERLINK('Danh mục'!$D$1&"20"&MID(D36,8,2)&"\"&D36,D36) -> CC_290425-ĐN | Z36: =YEAR(Table2[[#This Row],[Ngày date]]) -> 2025 | AA36: =IF(ISNUMBER(SEARCH("HCM",D36)),"HCM", IF(ISNUMBER(SEARCH("HN",D36)),"HN", IF(ISNUMBER(SEARCH("ĐN",D36)),"ĐN",""))) -> ĐN
A37: =IF(Table2[[#This Row],[Code CC- ]]="", "", A36+1) -> 34 | B37: SA | C37: 45761 | D37: CC_300425-ĐN | F37: CONG TY CO PHAN Y TE AMVGROUP | G37: 167B LE VAN LUONG, AP 5, XA PHUOC KIEN, HUYEN NHA BE, THANH PHO HO CHI MINH | H37: AVAXIM 80 U PEDIATRIC BOX OF 1 SYRINGE 0.5ML | I37: X3H271V | J37: NA | K37: 46295 | L37: Hộp | M37: 1 | N37: 1 hộp vaccine avaxim không có lọ thuốc bên trong | O37: Lỗi từ nhà sản xuất | P37: Ngày 15/04/2025, báo email cho hãng và nhận được hướng xử lý. Chấp nhận --> Hoàn tất | Q37: X | R37: ZALO | S37: Xuất mẫu theo đợt | T37: 45794 | U37: =MONTH(Table2[[#This Row],[Ngày date]]) -> 4 | V37: =IF(K37="","CHƯA NHẬP NGÀY",TEXT(K37,"dd/mm/yyyy")) -> 30/09/2026 | W37: =IF(T37="","CHƯA NHẬP NGÀY",TEXT(T37,"dd/mm/yyyy")) -> 17/05/2025 | X37: =IF(J37="","CHƯA NHẬP NGÀY",TEXT(J37,"dd/mm/yyyy")) -> NA | Y37: =HYPERLINK('Danh mục'!$D$1&"20"&MID(D37,8,2)&"\"&D37,D37) -> CC_300425-ĐN | Z37: =YEAR(Table2[[#This Row],[Ngày date]]) -> 2025 | AA37: =IF(ISNUMBER(SEARCH("HCM",D37)),"HCM", IF(ISNUMBER(SEARCH("HN",D37)),"HN", IF(ISNUMBER(SEARCH("ĐN",D37)),"ĐN",""))) -> ĐN
A38: =IF(Table2[[#This Row],[Code CC- ]]="", "", A37+1) -> 35 | B38: RD | C38: 45762 | D38: CC_310425-HN | F38: BV Đại Học Y Hà Nội | G38: SO 1 PHO TON THAT TUNG, PHUONG KIM LIEN, QUAN DONG DA, THANH PHO HA NOI | H38: Redditux 500 | I38: N240505A | J38: 08/2024 | K38: 46599 | L38: Hộp | M38: 1 | N38: Khoa Dược Bệnh viện Đại Học Y Hà Nội hôm nay có phản ánh về 1 lọ thuốc Redditux500 của Dr Reddy’s có hiện tượng như sau: Bệnh nhân mua thuốc này lúc khoảng 10h ngày 15/4/2025 với số lượng 2 lọ (Kèm đơn như trong email). Trước đó 2 lọ bảo quản ngăn mát 2-8 độ như nhau. Thuốc được lĩnh về bệnh phòng để truyền cho bệnh nhân. Khoảng 10h30 điều dưỡng rút thuốc để truyền thì thấy hiện tượng 1 lọ thuốc bị đông đá. Điều dưỡng mô tả như sau: Do bề mặt lọ thuốc đọng nước nên điều dưỡng không phát hiện ra bị đông đá. Hút được 1/2 thì phát hiện bị đông đá. Họ chưa từng gặp tình huống này bao giờ. Hiện tại 1 nửa lọ đó đang được bảo quản lại tại vị trí ban đầu. Bệnh viện có báo trực tiếp cho nhân viên công ty (Nguyễn Văn Trường) phản ánh về lọ thuốc này. Viện đang đề nghị công ty hỗ trợ đổi cho bệnh viện 01 lọ thuốc mới cho bệnh viện. | O38: Không xác định được nguyên nhân | P38: Nhận được thông tin email từ hãng. Hàng khiếu nại thu về đúng điều kiện bảo quản Hàng khiếu nại được thu hồi từ Hà Nội- hold tại kho Hà Nội 29/04/2025, hàng về kho chi nhánh HN Ngày 19/05/2025, hãng gửi email yêu cầu cung cấp thêm thông tin 11/06/2025, hãng đồng ý chuyển hủy --> Hoàn tất | S38: Chờ hủy | U38: =MONTH(Table2[[#This Row],[Ngày date]]) -> 4 | V38: =IF(K38="","CHƯA NHẬP NGÀY",TEXT(K38,"dd/mm/yyyy")) -> 31/07/2027 | W38: =IF(T38="","CHƯA NHẬP NGÀY",TEXT(T38,"dd/mm/yyyy")) -> CHƯA NHẬP NGÀY | X38: =IF(J38="","CHƯA NHẬP NGÀY",TEXT(J38,"dd/mm/yyyy")) -> 01/08/2024 | Y38: =HYPERLINK('Danh mục'!$D$1&"20"&MID(D38,8,2)&"\"&D38,D38) -> CC_310425-HN | Z38: =YEAR(Table2[[#This Row],[Ngày date]]) -> 2025 | AA38: =IF(ISNUMBER(SEARCH("HCM",D38)),"HCM", IF(ISNUMBER(SEARCH("HN",D38)),"HN", IF(ISNUMBER(SEARCH("ĐN",D38)),"ĐN",""))) -> HN
A39: =IF(Table2[[#This Row],[Code CC- ]]="", "", A38+1) -> 36 | B39: AZ | C39: 45762 | D39: CC_320425-HCM | F39: KHOA DUOC BV BINH DAN | G39: 371 DIEN BIEN PHU,QUAN 3 | H39: ZOLADEX 3.6 MG DEPOT 1'S | I39: SN795 | J39: NA | K39: 46066 | L39: Hộp | M39: 1 | N39: BV báo khi mở ra thì đã thấy bơm rời làm 2 phần, lò xo vẫn còn nguyên ( hình đính kèm). BV yêu cầu công ty đổi 1 bơm khác | O39: Lỗi từ nhà sản xuất | P39: Nhận được hướng xử lý từ hãng ngày 16/04/2025 | S39: XUẤT MẪU NGAY NHẬN | U39: =MONTH(Table2[[#This Row],[Ngày date]]) -> 4 | V39: =IF(K39="","CHƯA NHẬP NGÀY",TEXT(K39,"dd/mm/yyyy")) -> 13/02/2026 | W39: =IF(T39="","CHƯA NHẬP NGÀY",TEXT(T39,"dd/mm/yyyy")) -> CHƯA NHẬP NGÀY | X39: =IF(J39="","CHƯA NHẬP NGÀY",TEXT(J39,"dd/mm/yyyy")) -> NA | Y39: =HYPERLINK('Danh mục'!$D$1&"20"&MID(D39,8,2)&"\"&D39,D39) -> CC_320425-HCM | Z39: =YEAR(Table2[[#This Row],[Ngày date]]) -> 2025 | AA39: =IF(ISNUMBER(SEARCH("HCM",D39)),"HCM", IF(ISNUMBER(SEARCH("HN",D39)),"HN", IF(ISNUMBER(SEARCH("ĐN",D39)),"ĐN",""))) -> HCM
A40: =IF(Table2[[#This Row],[Code CC- ]]="", "", A39+1) -> 37 | B40: HY | C40: 45762 | D40: CC_330425-HN | F40: BVĐK Phương Đông | G40: Số 9 Phố Viên, Cổ Nhuế 2, Bắc Từ Liêm, HN | H40: Vitamin D3 Ocean Health | I40: VN0302 | J40: NA | K40: 46508 | L40: NA | M40: NA | N40: Khách Hàng của BV đã mua 1 lọ Vitamin D3 Ocean Health với số lô: VN0302 Nhưng do KH quét mã vạch không tìm kiếm và check được thông tin sản phẩm nên KH đã nghi ngờ BV bán hàng giả. Mặc dù đội ngũ BV đã giải thích cặn kẽ, đưa ra các thông tin hoá đơn nhập hàng đầy đủ từ Cty Hoàng Đức, thông tin số công bố hợp lệ. Nhưng KH vẫn chưa thật sự tin tưởng và yên tâm về sản phẩm nhập khẩu này. BV mong muốn đc sự tham vấn và hỗ trợ thêm từ Công Ty để có thêm thông tin giải đáp, minh chứng cho sự uy tín của Bệnh Viện. | O40: Thắc mắc của khách hàng về mã vạch | P40: Hãng hướng dẫn trả lời 15/04/2025 --> Hoàn tất | S40: Trả lời câu hỏi | T40: 45762 | U40: =MONTH(Table2[[#This Row],[Ngày date]]) -> 4 | V40: =IF(K40="","CHƯA NHẬP NGÀY",TEXT(K40,"dd/mm/yyyy")) -> 01/05/2027 | W40: =IF(T40="","CHƯA NHẬP NGÀY",TEXT(T40,"dd/mm/yyyy")) -> 15/04/2025 | X40: =IF(J40="","CHƯA NHẬP NGÀY",TEXT(J40,"dd/mm/yyyy")) -> NA | Y40: =HYPERLINK('Danh mục'!$D$1&"20"&MID(D40,8,2)&"\"&D40,D40) -> CC_330425-HN | Z40: =YEAR(Table2[[#This Row],[Ngày date]]) -> 2025 | AA40: =IF(ISNUMBER(SEARCH("HCM",D40)),"HCM", IF(ISNUMBER(SEARCH("HN",D40)),"HN", IF(ISNUMBER(SEARCH("ĐN",D40)),"ĐN",""))) -> HN
A41: =IF(Table2[[#This Row],[Code CC- ]]="", "", A40+1) -> 38 | B41: MG | C41: 45762 | D41: CC_340425-HCM | F41: BENH VIEN THONG NHAT | G41: 1 LY THUONG KIET, PHUONG 7, QUAN TAN BINH, TP. HO CHI MINH | H41: INSUNOVA 30/70 (BIPHASIC) (HOP/1 LO 10ML) | I41: BF24002915 | J41: NA | K41: 46569 | L41: Lọ | M41: 1 | N41: Trong quá trình cấp phát cho bệnh nhân, kho phát hiện có 01 lọ Insunova bị bể ( hình đính kèm), BV nhờ Công ty xem xét có phương án bù 01 lọ cho bệnh viện gửi lại thuốc cho bệnh nhân | O41: Lỗi từ nhà sản xuất | P41: 16/04/2025, báo email cho hãng và đang nhờ CS xin thêm thông tin Ngày 24/4/2025, hãng đồng ý khiếu nại, tiến hành đền bù cho khách, thu mẫu khiếu nại trả hãng | S41: XUẤT MẪU NGAY NHẬN | U41: =MONTH(Table2[[#This Row],[Ngày date]]) -> 4 | V41: =IF(K41="","CHƯA NHẬP NGÀY",TEXT(K41,"dd/mm/yyyy")) -> 01/07/2027 | W41: =IF(T41="","CHƯA NHẬP NGÀY",TEXT(T41,"dd/mm/yyyy")) -> CHƯA NHẬP NGÀY | X41: =IF(J41="","CHƯA NHẬP NGÀY",TEXT(J41,"dd/mm/yyyy")) -> NA | Y41: =HYPERLINK('Danh mục'!$D$1&"20"&MID(D41,8,2)&"\"&D41,D41) -> CC_340425-HCM | Z41: =YEAR(Table2[[#This Row],[Ngày date]]) -> 2025 | AA41: =IF(ISNUMBER(SEARCH("HCM",D41)),"HCM", IF(ISNUMBER(SEARCH("HN",D41)),"HN", IF(ISNUMBER(SEARCH("ĐN",D41)),"ĐN",""))) -> HCM
A42: =IF(Table2[[#This Row],[Code CC- ]]="", "", A41+1) -> 39 | B42: OPELLA | C42: 45764 | D42: CC_350425-HCM | F42: BENH VIEN THONG NHAT | G42: 1 LY THUONG KIET, PHUONG 7, QUAN TAN BINH, TP. HO CHI MINH | H42: NO-SPA 40MG/2ML INJ AM25 VN | I42: HC084A | J42: NA | K42: 46425 | L42: NA | M42: NA | N42: bệnh nhân bị ngứa dọc đường tiêm. Bệnh viện yêu cầu trả lời | O42: NA | P42: Hãng đồng ý nhận hàng khiếu nại về để điều tra nguyên nhân-> đang đợi thông tin từ CS Ngày 22/04/2025, khách không yêu cầu đền bù --> Hoàn tất | S42: HỦY KHIẾU NẠI | U42: =MONTH(Table2[[#This Row],[Ngày date]]) -> 4 | V42: =IF(K42="","CHƯA NHẬP NGÀY",TEXT(K42,"dd/mm/yyyy")) -> 07/02/2027 | W42: =IF(T42="","CHƯA NHẬP NGÀY",TEXT(T42,"dd/mm/yyyy")) -> CHƯA NHẬP NGÀY | X42: =IF(J42="","CHƯA NHẬP NGÀY",TEXT(J42,"dd/mm/yyyy")) -> NA | Y42: =HYPERLINK('Danh mục'!$D$1&"20"&MID(D42,8,2)&"\"&D42,D42) -> CC_350425-HCM | Z42: =YEAR(Table2[[#This Row],[Ngày date]]) -> 2025 | AA42: =IF(ISNUMBER(SEARCH("HCM",D42)),"HCM", IF(ISNUMBER(SEARCH("HN",D42)),"HN", IF(ISNUMBER(SEARCH("ĐN",D42)),"ĐN",""))) -> HCM
A43: =IF(Table2[[#This Row],[Code CC- ]]="", "", A42+1) -> 40 | B43: VE | C43: 45768 | D43: CC_360425-HCM NOI BO | F43: CHI NHANH HA NOI-CONG TY CO PHAN DUOC PHAM FPT LONG CHAU | G43: TO DAN PHO 4, THI TRAN QUANG MINH, HUYEN ME LINH, HA NOI | H43: FEROGLOBIN B12 CAPSULES (H/30 VIEN) | I43: FW2418PA | J43: NA | K43: 46568 | L43: HỘP | M43: 2688 | N43: Chưa có nhãn phụ trên sản phẩm | O43: Lỗi do Hoàng Đức | P43: Ngày 14/05/2025, Đã thu được 1798/2688 hộp về kho tổng của Long Châu. Trong đó có 73hộp không đạt cảm quan chuyển về kho Long Hậu Ngày 27/05/2025, hàng đã đưa về kho và đang kiểm Ngày 03/07/2025, đã thu 141 /890 hộp dán nhãn. Trong đó có 66 hộp không đạt cảm quan chuyển về kho Long Hậu, phần còn lại release bán | S43: Chuyển bán | U43: =MONTH(Table2[[#This Row],[Ngày date]]) -> 4 | V43: =IF(K43="","CHƯA NHẬP NGÀY",TEXT(K43,"dd/mm/yyyy")) -> 30/06/2027 | W43: =IF(T43="","CHƯA NHẬP NGÀY",TEXT(T43,"dd/mm/yyyy")) -> CHƯA NHẬP NGÀY | X43: =IF(J43="","CHƯA NHẬP NGÀY",TEXT(J43,"dd/mm/yyyy")) -> NA | Y43: =HYPERLINK('Danh mục'!$D$1&"20"&MID(D43,8,2)&"\"&D43,D43) -> CC_360425-HCM NOI BO | Z43: =YEAR(Table2[[#This Row],[Ngày date]]) -> 2025 | AA43: =IF(ISNUMBER(SEARCH("HCM",D43)),"HCM", IF(ISNUMBER(SEARCH("HN",D43)),"HN", IF(ISNUMBER(SEARCH("ĐN",D43)),"ĐN",""))) -> HCM
A44: =IF(Table2[[#This Row],[Code CC- ]]="", "", A43+1) -> 41 | B44: SA | C44: 45771 | D44: CC_370425-HCM | F44: CHI NHANH CONG TY CO PHAN BENH VIEN DA KHOA TAM ANH | G44: 2B PHO QUANG, PHUONG 2, QUAN TAN BINH, TP. HO CHI MINH, VIET NAM | H44: CORDARONE 200mg | I44: FA3060 | J44: NA | K44: 46265 | L44: Viên | M44: 595 | N44: Không đạt cảm quan, vỉ thuốc bị vệt hằng bột ẩm, phân rả vài hạt trên thanh vỉ. Bên cạnh đó có 3 viên bị bể trong vỉ | O44: Lỗi từ nhà sản xuất | P44: 29/04/2025, hãng chấp nhận khiếu nại và chuyển mẫu khiếu nại về hãng 05/05/2025, nhận được thêm thông tin từ khách và đã chuyển thông tin này cho hãng Ngày 07/05/2025, gửi email xác nhận số lượng và tình trạng lỗi 07/05/2025-16/05/2025: cung cấp thêm thông tin cho hãng điều tra 14/05/2025, không cần xuất mẫu về văn phòng hãng 16/05/2025, xác nhận số lượng đền bù là 20 hộp 18/06/2025, hàng khiếu nại về kho --> Hoàn tất | Q44: X | R44: email | S44: Xuất mẫu theo đợt | U44: =MONTH(Table2[[#This Row],[Ngày date]]) -> 4 | V44: =IF(K44="","CHƯA NHẬP NGÀY",TEXT(K44,"dd/mm/yyyy")) -> 31/08/2026 | W44: =IF(T44="","CHƯA NHẬP NGÀY",TEXT(T44,"dd/mm/yyyy")) -> CHƯA NHẬP NGÀY | X44: =IF(J44="","CHƯA NHẬP NGÀY",TEXT(J44,"dd/mm/yyyy")) -> NA | Y44: =HYPERLINK('Danh mục'!$D$1&"20"&MID(D44,8,2)&"\"&D44,D44) -> CC_370425-HCM | Z44: =YEAR(Table2[[#This Row],[Ngày date]]) -> 2025 | AA44: =IF(ISNUMBER(SEARCH("HCM",D44)),"HCM", IF(ISNUMBER(SEARCH("HN",D44)),"HN", IF(ISNUMBER(SEARCH("ĐN",D44)),"ĐN",""))) -> HCM
A45: =IF(Table2[[#This Row],[Code CC- ]]="", "", A44+1) -> 42 | B45: GZ | C45: 45782 | D45: CC_380525-HCM | F45: CONG TY CO PHAN DUOC PHAM FPT LONG CHAU | G45: LO L-1, DUONG N2, KCN HUU THANH, XA HUU THANH, HUYEN DUC HOA, TINH LONG AN | H45: ATASART H TAB 28'S | I45: 230T03 | J45: 45638 | K45: 46733 | L45: HỘP | M45: 1 | N45: Đơn hàng giao tới kiểm tra có 1 hộp ATASART H không có thông tin lô date như hình đính kèm mail, yêu cầu công ty đổi hàng | O45: Lỗi từ nhà sản xuất | P45: 05/05/2025, gửi email cho hãng và nhận được hướng xử lý đền bù cho khách Hãng chấp nhận đền bù cho khách, hàng khiếu nại thu về xuất sang văn phòng hãng | S45: XUẤT MẪU NGAY NHẬN | U45: =MONTH(Table2[[#This Row],[Ngày date]]) -> 5 | V45: =IF(K45="","CHƯA NHẬP NGÀY",TEXT(K45,"dd/mm/yyyy")) -> 12/12/2027 | W45: =IF(T45="","CHƯA NHẬP NGÀY",TEXT(T45,"dd/mm/yyyy")) -> CHƯA NHẬP NGÀY | X45: =IF(J45="","CHƯA NHẬP NGÀY",TEXT(J45,"dd/mm/yyyy")) -> 12/12/2024 | Y45: =HYPERLINK('Danh mục'!$D$1&"20"&MID(D45,8,2)&"\"&D45,D45) -> CC_380525-HCM | Z45: =YEAR(Table2[[#This Row],[Ngày date]]) -> 2025 | AA45: =IF(ISNUMBER(SEARCH("HCM",D45)),"HCM", IF(ISNUMBER(SEARCH("HN",D45)),"HN", IF(ISNUMBER(SEARCH("ĐN",D45)),"ĐN",""))) -> HCM
A46: =IF(Table2[[#This Row],[Code CC- ]]="", "", A45+1) -> 43 | B46: SA | C46: 45785 | D46: CC_390525-HCM | F46: CONG TY CO PHAN BENH VIEN DA KHOA HOAN MY DA LAT | G46: DOI LONG THO, P10, TP DA LAT, TINH LAM DONG | H46: TOUJEO SOLOSTAR 450IU B/5 PENS X 1.5ML | I46: 4F039A | J46: NA | K46: 46234 | L46: BÚT | M46: 1 | N46: Bệnh nhân phản hồi vặn lên tới mức 4 UI bị cứng | O46: Lỗi từ nhà sản xuất | P46: Hãng chấp nhận đền bù cho khách, hàng khiếu nại thu về cho vào khu vực chờ xử lý, chờ hướng xử lý từ hãng | Q46: x | R46: email | S46: Xuất mẫu theo đợt | U46: =MONTH(Table2[[#This Row],[Ngày date]]) -> 5 | V46: =IF(K46="","CHƯA NHẬP NGÀY",TEXT(K46,"dd/mm/yyyy")) -> 31/07/2026 | W46: =IF(T46="","CHƯA NHẬP NGÀY",TEXT(T46,"dd/mm/yyyy")) -> CHƯA NHẬP NGÀY | X46: =IF(J46="","CHƯA NHẬP NGÀY",TEXT(J46,"dd/mm/yyyy")) -> NA | Y46: =HYPERLINK('Danh mục'!$D$1&"20"&MID(D46,8,2)&"\"&D46,D46) -> CC_390525-HCM | Z46: =YEAR(Table2[[#This Row],[Ngày date]]) -> 2025 | AA46: =IF(ISNUMBER(SEARCH("HCM",D46)),"HCM", IF(ISNUMBER(SEARCH("HN",D46)),"HN", IF(ISNUMBER(SEARCH("ĐN",D46)),"ĐN",""))) -> HCM
A47: =IF(Table2[[#This Row],[Code CC- ]]="", "", A46+1) -> 44 | B47: DV | C47: 45785 | D47: CC_400525-HCM | F47: CONG TY TNHH DUOC PHAM MEDX | G47: TANG 1, SO 18 L1-5 VSIP II,DUONG SO 3, KCN VIET NAM-SINGAPORE II,HOA PHU, TP THU DAU MOT, BINH DUONG | H47: ALUMINIUM PHOSPHAT GEL (HOP/20GOI) | I47: 230825 | J47: 45070 | K47: 46166 | L47: HỘP | M47: 1 | N47: 1 hộp sản phẩm ALUMINIUM bị chảy dính ra ngoài hộp, kiểm tra bên trong có 1 gói rách lỗ to và 4 gói rách lỗ nhỏ Ngày 19/05/2025, nhận được yêu cầu điều tra từ DAVI | O47: Lỗi từ nhà sản xuất | P47: Nhận được thông tin email từ hãng thu mẫu khiếu nại và xuất sang hãng để phục vụ điều tra Ngày 19/05/2025, nhận được email yêu cầu điều tra tại kho và vận chuyển 26/05/2025, gửi báo cáo điều tra cho DAVI | S47: XUẤT MẪU NGAY NHẬN | T47: 45798 | U47: =MONTH(Table2[[#This Row],[Ngày date]]) -> 5 | V47: =IF(K47="","CHƯA NHẬP NGÀY",TEXT(K47,"dd/mm/yyyy")) -> 24/05/2026 | W47: =IF(T47="","CHƯA NHẬP NGÀY",TEXT(T47,"dd/mm/yyyy")) -> 21/05/2025 | X47: =IF(J47="","CHƯA NHẬP NGÀY",TEXT(J47,"dd/mm/yyyy")) -> 24/05/2023 | Y47: =HYPERLINK('Danh mục'!$D$1&"20"&MID(D47,8,2)&"\"&D47,D47) -> CC_400525-HCM | Z47: =YEAR(Table2[[#This Row],[Ngày date]]) -> 2025 | AA47: =IF(ISNUMBER(SEARCH("HCM",D47)),"HCM", IF(ISNUMBER(SEARCH("HN",D47)),"HN", IF(ISNUMBER(SEARCH("ĐN",D47)),"ĐN",""))) -> HCM
A48: =IF(Table2[[#This Row],[Code CC- ]]="", "", A47+1) -> 45 | B48: BS | C48: 45791 | D48: CC_410525-HCM | F48: NHA THUOC TAY TRA ANH DUY - TRUNG TAM MEN 'S HEALTH | G48: 7B/31 THANH THAI, PHUONG 14, QUAN 10, THANH PHO HO CHI MINH | H48: ANDROGEL GEL 50MG 30'S | I48: 82152 | J48: NA | K48: 46265 | L48: HỘP | M48: 1 | N48: Phòng khám Menhealth phản hồi là đã bán 2 hộp Androgel cho bệnh nhân mang từ VN về Úc mở hộp ra thấy 1 hộp bình thường, 1 hộp có 16 gói không có thuốc (gói thuốc hở như hình) 14 tube còn lại cảm quan thấy bình thường. Gần đây các đơn hàng Androgel cảm quan hầu như đơn nào cũng sẽ có hộp bị tróc keo dán phần nắp vỏ ngoài (trước đó rất ít gặp) | O48: Lỗi từ nhà sản xuất | P48: Ngày 15/05/2025, liên hệ khách xin thêm thông tin Ngày 16/05/2025, hãng chấp nhận khiếu nại và đền bù cho khách Ngày 20/05/2025, chờ confirm từ hãng Ngày 27/05/2025, hãng đồng ý đền bù, tuy nhiên không có hàng khiếu nại về kho cần kế toán hướng dẫn về việc đảm bảo inventory hàng Ngày 30/05/2025, hãng đồng ý không thu hàng khiếu nại từ khách, sẽ tiến hành hình thức write off (hủy hàng khiếu nại)để cân đối tồn kho --> Hoàn tất | S48: Chờ hủy | U48: =MONTH(Table2[[#This Row],[Ngày date]]) -> 5 | V48: =IF(K48="","CHƯA NHẬP NGÀY",TEXT(K48,"dd/mm/yyyy")) -> 31/08/2026 | W48: =IF(T48="","CHƯA NHẬP NGÀY",TEXT(T48,"dd/mm/yyyy")) -> CHƯA NHẬP NGÀY | X48: =IF(J48="","CHƯA NHẬP NGÀY",TEXT(J48,"dd/mm/yyyy")) -> NA | Y48: =HYPERLINK('Danh mục'!$D$1&"20"&MID(D48,8,2)&"\"&D48,D48) -> CC_410525-HCM | Z48: =YEAR(Table2[[#This Row],[Ngày date]]) -> 2025 | AA48: =IF(ISNUMBER(SEARCH("HCM",D48)),"HCM", IF(ISNUMBER(SEARCH("HN",D48)),"HN", IF(ISNUMBER(SEARCH("ĐN",D48)),"ĐN",""))) -> HCM
A49: =IF(Table2[[#This Row],[Code CC- ]]="", "", A48+1) -> 46 | B49: OPELLA | C49: 45792 | D49: CC_420525-HCM | F49: TTYT HUYEN PHU TAN | G49: 123 HAI THUONG LAN ONG, KHOM THUONG 2, PHU MY, PHU TAN, AN GIANG | H49: NO-SPA 40MG/2ML INJ AM25 VN | I49: HC410A | J49: NA | K49: 46542 | L49: Ống | M49: 3 | N49: Tháng 4 có đặt đơn hàng NO-SPA 40mg/2ml khi nhận hàng có đồng kiểm bên ngoại hộp. Nhưng nay kiểm kho phát hiện bể 3 ống như hình đính kèm | O49: Lỗi không xuất phát từ quá trình đóng gói giao nhận | P49: Ngày 16/05/2025 CS liên hệ khách xin thêm thông tin Ngày 19/05/2025, nhận được phản hồi từ hãng không chấp nhận khiếu nại vì lỗi không đến từ hãng Ngày 23/05/2025, khách không cung cấp được thông tin lỗi từ Hoàng Đức nên không tiến hành đổi cho khách --> Hoàn tất | S49: HỦY KHIẾU NẠI | U49: =MONTH(Table2[[#This Row],[Ngày date]]) -> 5 | V49: =IF(K49="","CHƯA NHẬP NGÀY",TEXT(K49,"dd/mm/yyyy")) -> 04/06/2027 | W49: =IF(T49="","CHƯA NHẬP NGÀY",TEXT(T49,"dd/mm/yyyy")) -> CHƯA NHẬP NGÀY | X49: =IF(J49="","CHƯA NHẬP NGÀY",TEXT(J49,"dd/mm/yyyy")) -> NA | Y49: =HYPERLINK('Danh mục'!$D$1&"20"&MID(D49,8,2)&"\"&D49,D49) -> CC_420525-HCM | Z49: =YEAR(Table2[[#This Row],[Ngày date]]) -> 2025 | AA49: =IF(ISNUMBER(SEARCH("HCM",D49)),"HCM", IF(ISNUMBER(SEARCH("HN",D49)),"HN", IF(ISNUMBER(SEARCH("ĐN",D49)),"ĐN",""))) -> HCM
A50: =IF(Table2[[#This Row],[Code CC- ]]="", "", A49+1) -> 47 | B50: HT | C50: 45792 | D50: CC_430525-HCM | F50: TRUNG TAM Y TE QUAN 5 | G50: 42A NGUYEN TRAI, PHUONG 11, QUAN 5, TP. HO CHI MINH | H50: DOLUTEGAVIR, LAMIVUDINE ,TENOFOVIR 50/300/300mg | I50: NA | J50: NA | K50: NA | L50: NA | M50: NA | N50: Nhờ Công Ty xem tình hình về sản xuất thuốc DOLUTEGAVIR, LAMIVUDINE ,TENOFOVIR 50/300/300mg bị mất 1/2 viên. Trong lúc cấp phát cho bệnh nhân thì phát hiện thuốc trong lọ bị mất 1/2 viên đồng thời bệnh nhân cũng phản ánh về việc thuốc chỉ có 1/2 viên trong lọ. Tình hình bị mất thuốc như thế sẽ ảnh hưởng đến việc khoa Dược đền thuốc. | O50: Lỗi từ nhà sản xuất | P50: Ngày 16/05/2025, báo email cho hãng Ngày 27/05/2025, nhắc mail hãng | S50: Chờ hủy | U50: =MONTH(Table2[[#This Row],[Ngày date]]) -> 5 | V50: =IF(K50="","CHƯA NHẬP NGÀY",TEXT(K50,"dd/mm/yyyy")) -> NA | W50: =IF(T50="","CHƯA NHẬP NGÀY",TEXT(T50,"dd/mm/yyyy")) -> CHƯA NHẬP NGÀY | X50: =IF(J50="","CHƯA NHẬP NGÀY",TEXT(J50,"dd/mm/yyyy")) -> NA | Y50: =HYPERLINK('Danh mục'!$D$1&"20"&MID(D50,8,2)&"\"&D50,D50) -> CC_430525-HCM | Z50: =YEAR(Table2[[#This Row],[Ngày date]]) -> 2025 | AA50: =IF(ISNUMBER(SEARCH("HCM",D50)),"HCM", IF(ISNUMBER(SEARCH("HN",D50)),"HN", IF(ISNUMBER(SEARCH("ĐN",D50)),"ĐN",""))) -> HCM
A51: =IF(Table2[[#This Row],[Code CC- ]]="", "", A50+1) -> 48 | B51: DV | C51: 45797 | D51: CC_440525-ĐN | F51: NHÀ THUỐC DŨNG LOAN | G51: SỐ 243 ĐƯỜNG LÊ TRUNG ĐỊNH, TỔ 6, PHƯỜNG TRẦN HƯNG ĐẠO, TP.QUẢNG NGÃI, T. QUẢNG NGÃI | H51: Nixki | I51: 230463 | J51: 45008 | K51: 46104 | L51: HỘP | M51: 80 | N51: Bị đổi màu và vỉ thuốc bị móp | O51: Lỗi từ nhà sản xuất | P51: Ngày 20/05/2025, đã báo hãng Ngày 26/06/2025, nhận được công văn trả lời từ hãng Tiến hành đền bù cho khách --> Hoàn tất | S51: XUẤT MẪU NGAY NHẬN | U51: =MONTH(Table2[[#This Row],[Ngày date]]) -> 5 | V51: =IF(K51="","CHƯA NHẬP NGÀY",TEXT(K51,"dd/mm/yyyy")) -> 23/03/2026 | W51: =IF(T51="","CHƯA NHẬP NGÀY",TEXT(T51,"dd/mm/yyyy")) -> CHƯA NHẬP NGÀY | X51: =IF(J51="","CHƯA NHẬP NGÀY",TEXT(J51,"dd/mm/yyyy")) -> 23/03/2023 | Y51: =HYPERLINK('Danh mục'!$D$1&"20"&MID(D51,8,2)&"\"&D51,D51) -> CC_440525-ĐN | Z51: =YEAR(Table2[[#This Row],[Ngày date]]) -> 2025 | AA51: =IF(ISNUMBER(SEARCH("HCM",D51)),"HCM", IF(ISNUMBER(SEARCH("HN",D51)),"HN", IF(ISNUMBER(SEARCH("ĐN",D51)),"ĐN",""))) -> ĐN
A52: =IF(Table2[[#This Row],[Code CC- ]]="", "", A51+1) -> 49 | B52: DV | C52: 45797 | D52: CC_440525-ĐN | F52: NHÀ THUỐC DŨNG LOAN | G52: SỐ 243 ĐƯỜNG LÊ TRUNG ĐỊNH, TỔ 6, PHƯỜNG TRẦN HƯNG ĐẠO, TP.QUẢNG NGÃI, T. QUẢNG NGÃI | H52: Nixki | I52: 231492 | J52: 45138 | K52: 46234 | L52: HỘP | M52: 6 | N52: Bị đổi màu và vỉ thuốc bị móp | O52: Lỗi từ nhà sản xuất | P52: Ngày 20/05/2025, đã báo hãng Ngày 26/06/2025, nhận được công văn trả lời từ hãng Tiến hành đền bù cho khách --> Hoàn tất | S52: XUẤT MẪU NGAY NHẬN | U52: =MONTH(Table2[[#This Row],[Ngày date]]) -> 5 | V52: =IF(K52="","CHƯA NHẬP NGÀY",TEXT(K52,"dd/mm/yyyy")) -> 31/07/2026 | W52: =IF(T52="","CHƯA NHẬP NGÀY",TEXT(T52,"dd/mm/yyyy")) -> CHƯA NHẬP NGÀY | X52: =IF(J52="","CHƯA NHẬP NGÀY",TEXT(J52,"dd/mm/yyyy")) -> 31/07/2023 | Y52: =HYPERLINK('Danh mục'!$D$1&"20"&MID(D52,8,2)&"\"&D52,D52) -> CC_440525-ĐN | Z52: =YEAR(Table2[[#This Row],[Ngày date]]) -> 2025 | AA52: =IF(ISNUMBER(SEARCH("HCM",D52)),"HCM", IF(ISNUMBER(SEARCH("HN",D52)),"HN", IF(ISNUMBER(SEARCH("ĐN",D52)),"ĐN",""))) -> ĐN
A53: =IF(Table2[[#This Row],[Code CC- ]]="", "", A52+1) -> 50 | B53: DV | C53: 45797 | D53: CC_440525-ĐN | F53: NHÀ THUỐC DŨNG LOAN | G53: SỐ 243 ĐƯỜNG LÊ TRUNG ĐỊNH, TỔ 6, PHƯỜNG TRẦN HƯNG ĐẠO, TP.QUẢNG NGÃI, T. QUẢNG NGÃI | H53: Nixki | I53: 222693 | J53: 44883 | K53: 45979 | L53: HỘP | M53: 31 | N53: Bị đổi màu và vỉ thuốc bị móp | O53: Lỗi từ nhà sản xuất | P53: Ngày 20/05/2025, đã báo hãng Ngày 26/06/2025, nhận được công văn trả lời từ hãng Tiến hành đền bù cho khách --> Hoàn tất | S53: XUẤT MẪU NGAY NHẬN | U53: =MONTH(Table2[[#This Row],[Ngày date]]) -> 5 | V53: =IF(K53="","CHƯA NHẬP NGÀY",TEXT(K53,"dd/mm/yyyy")) -> 18/11/2025 | W53: =IF(T53="","CHƯA NHẬP NGÀY",TEXT(T53,"dd/mm/yyyy")) -> CHƯA NHẬP NGÀY | X53: =IF(J53="","CHƯA NHẬP NGÀY",TEXT(J53,"dd/mm/yyyy")) -> 18/11/2022 | Y53: =HYPERLINK('Danh mục'!$D$1&"20"&MID(D53,8,2)&"\"&D53,D53) -> CC_440525-ĐN | Z53: =YEAR(Table2[[#This Row],[Ngày date]]) -> 2025 | AA53: =IF(ISNUMBER(SEARCH("HCM",D53)),"HCM", IF(ISNUMBER(SEARCH("HN",D53)),"HN", IF(ISNUMBER(SEARCH("ĐN",D53)),"ĐN",""))) -> ĐN
A54: =IF(Table2[[#This Row],[Code CC- ]]="", "", A53+1) -> 51 | B54: DV | C54: 45797 | D54: CC_440525-ĐN | F54: NHÀ THUỐC DŨNG LOAN | G54: SỐ 243 ĐƯỜNG LÊ TRUNG ĐỊNH, TỔ 6, PHƯỜNG TRẦN HƯNG ĐẠO, TP.QUẢNG NGÃI, T. QUẢNG NGÃI | H54: Nixki | I54: 223510 | J54: 44930 | K54: 46026 | L54: HỘP | M54: 38 | N54: Bị đổi màu và vỉ thuốc bị móp | O54: Lỗi từ nhà sản xuất | P54: Ngày 20/05/2025, đã báo hãng Ngày 26/06/2025, nhận được công văn trả lời từ hãng Tiến hành đền bù cho khách --> Hoàn tất | S54: XUẤT MẪU NGAY NHẬN | U54: =MONTH(Table2[[#This Row],[Ngày date]]) -> 5 | V54: =IF(K54="","CHƯA NHẬP NGÀY",TEXT(K54,"dd/mm/yyyy")) -> 04/01/2026 | W54: =IF(T54="","CHƯA NHẬP NGÀY",TEXT(T54,"dd/mm/yyyy")) -> CHƯA NHẬP NGÀY | X54: =IF(J54="","CHƯA NHẬP NGÀY",TEXT(J54,"dd/mm/yyyy")) -> 04/01/2023 | Y54: =HYPERLINK('Danh mục'!$D$1&"20"&MID(D54,8,2)&"\"&D54,D54) -> CC_440525-ĐN | Z54: =YEAR(Table2[[#This Row],[Ngày date]]) -> 2025 | AA54: =IF(ISNUMBER(SEARCH("HCM",D54)),"HCM", IF(ISNUMBER(SEARCH("HN",D54)),"HN", IF(ISNUMBER(SEARCH("ĐN",D54)),"ĐN",""))) -> ĐN
A55: =IF(Table2[[#This Row],[Code CC- ]]="", "", A54+1) -> 52 | B55: AZ | C55: 45799 | D55: CC_450525-HCM | F55: BENH VIEN UNG BUOU | G55: SO 12 DUONG 400, KHU PHO 3, PHUONG TAN PHU, THANH PHO THU DUC, TP. HO CHI MINH | H55: ZOLADEX 10.8 MG DEPOT 1'S | I55: SS879 | J55: 45498 | K55: 46228 | L55: HỘP | M55: 1 | N55: BV báo có một lọ Zoladex 10.8 bị lỗi không đẩy pittong xuống được như hình đính kèm, BV báo nhờ hỗ trợ đổi một lọ mới | O55: Lỗi không xuất phát từ Hoàng Đức | P55: Ngày 22/05/2025, báo email cho hãng 27/05/2025, nhắc mail hãng --> hoàn tất | S55: XUẤT MẪU NGAY NHẬN | U55: =MONTH(Table2[[#This Row],[Ngày date]]) -> 5 | V55: =IF(K55="","CHƯA NHẬP NGÀY",TEXT(K55,"dd/mm/yyyy")) -> 25/07/2026 | W55: =IF(T55="","CHƯA NHẬP NGÀY",TEXT(T55,"dd/mm/yyyy")) -> CHƯA NHẬP NGÀY | X55: =IF(J55="","CHƯA NHẬP NGÀY",TEXT(J55,"dd/mm/yyyy")) -> 25/07/2024 | Y55: =HYPERLINK('Danh mục'!$D$1&"20"&MID(D55,8,2)&"\"&D55,D55) -> CC_450525-HCM | Z55: =YEAR(Table2[[#This Row],[Ngày date]]) -> 2025 | AA55: =IF(ISNUMBER(SEARCH("HCM",D55)),"HCM", IF(ISNUMBER(SEARCH("HN",D55)),"HN", IF(ISNUMBER(SEARCH("ĐN",D55)),"ĐN",""))) -> HCM
A56: =IF(Table2[[#This Row],[Code CC- ]]="", "", A55+1) -> 53 | B56: SA | C56: 45799 | D56: CC_460525-HCM | F56: BENH VIEN UNG BUOU | G56: SO 12 DUONG 400, KHU PHO 3, PHUONG TAN PHU, THANH PHO THU DUC, TP. HO CHI MINH | H56: TAGRISSO PA TAB 80MG BL 3X10 EA VN | I56: FMDF | J56: 45679 | K56: 46774 | L56: NA | M56: NA | N56: Về việc sản phẩm cùng lot date nhưng hộp lại khác màu | O56: Lỗi từ nhà sản xuất | P56: Ngày 22/05/2025, báo email cho hãng Ngày 26/05/2025, hãng thông tin không ảnh hưởng chất lượng và khách cũng không cần trả lời bằng công văn | S56: Trả lời câu hỏi | U56: =MONTH(Table2[[#This Row],[Ngày date]]) -> 5 | V56: =IF(K56="","CHƯA NHẬP NGÀY",TEXT(K56,"dd/mm/yyyy")) -> 22/01/2028 | W56: =IF(T56="","CHƯA NHẬP NGÀY",TEXT(T56,"dd/mm/yyyy")) -> CHƯA NHẬP NGÀY | X56: =IF(J56="","CHƯA NHẬP NGÀY",TEXT(J56,"dd/mm/yyyy")) -> 22/01/2025 | Y56: =HYPERLINK('Danh mục'!$D$1&"20"&MID(D56,8,2)&"\"&D56,D56) -> CC_460525-HCM | Z56: =YEAR(Table2[[#This Row],[Ngày date]]) -> 2025 | AA56: =IF(ISNUMBER(SEARCH("HCM",D56)),"HCM", IF(ISNUMBER(SEARCH("HN",D56)),"HN", IF(ISNUMBER(SEARCH("ĐN",D56)),"ĐN",""))) -> HCM
A57: =IF(Table2[[#This Row],[Code CC- ]]="", "", A56+1) -> 54 | B57: MG | C57: 45803 | D57: CC_470525-HCM HUY | F57: BENH VIEN DA KHOA CAM PHA | G57: 371 DUONG TRAN PHU, PHUONG CAM THANH, TP. CAM PHA, TINH QUANG NINH | H57: INSUNOVA -G PEN (HOP/1 BUT TIEM NAP SAN 3ML DUNG DICH THUOC ) | I57: BF24003310 | J57: NA | K57: NA | L57: BÚT | M57: 1 | N57: Có phản ánh có 1 bút Insunova G-pen bị lỗi. | O57: NA | P57: Check lịch sử đơn hàng không do Hoàng Đức xuất bán | S57: HỦY KHIẾU NẠI | U57: =MONTH(Table2[[#This Row],[Ngày date]]) -> 5 | V57: =IF(K57="","CHƯA NHẬP NGÀY",TEXT(K57,"dd/mm/yyyy")) -> NA | W57: =IF(T57="","CHƯA NHẬP NGÀY",TEXT(T57,"dd/mm/yyyy")) -> CHƯA NHẬP NGÀY | X57: =IF(J57="","CHƯA NHẬP NGÀY",TEXT(J57,"dd/mm/yyyy")) -> NA | Y57: =HYPERLINK('Danh mục'!$D$1&"20"&MID(D57,8,2)&"\"&D57,D57) -> CC_470525-HCM HUY | Z57: =YEAR(Table2[[#This Row],[Ngày date]]) -> 2025 | AA57: =IF(ISNUMBER(SEARCH("HCM",D57)),"HCM", IF(ISNUMBER(SEARCH("HN",D57)),"HN", IF(ISNUMBER(SEARCH("ĐN",D57)),"ĐN",""))) -> HCM
A58: =IF(Table2[[#This Row],[Code CC- ]]="", "", A57+1) -> 55 | B58: MY | C58: 45805 | D58: CC_480525-HCM | F58: CONG TY TNHH DUOC PHAM MEDX | G58: TANG 1, SO 18 L1-5 VSIP II,DUONG SO 3, KCN VIET NAM-SINGAPORE II,HOA PHU, TP THU DAU MOT, BINH DUONG | H58: FORLAX 10G 20SACH VN | I58: C55238 | J58: 45428 | K58: 46523 | L58: HỘP | M58: 1 | N58: Bị móp rách | O58: Lỗi không xuất phát từ quá trình bảo quản và vận chuyển | P58: Ngày 29/05/2025, báo email cho các bộ phận liên quan điều tra Ngày 09/06/2025, báo email cho CS rằng không đủ căn cứ để đền bù cho khách | S58: HỦY KHIẾU NẠI | U58: =MONTH(Table2[[#This Row],[Ngày date]]) -> 5 | V58: =IF(K58="","CHƯA NHẬP NGÀY",TEXT(K58,"dd/mm/yyyy")) -> 16/05/2027 | W58: =IF(T58="","CHƯA NHẬP NGÀY",TEXT(T58,"dd/mm/yyyy")) -> CHƯA NHẬP NGÀY | X58: =IF(J58="","CHƯA NHẬP NGÀY",TEXT(J58,"dd/mm/yyyy")) -> 16/05/2024 | Y58: =HYPERLINK('Danh mục'!$D$1&"20"&MID(D58,8,2)&"\"&D58,D58) -> CC_480525-HCM | Z58: =YEAR(Table2[[#This Row],[Ngày date]]) -> 2025 | AA58: =IF(ISNUMBER(SEARCH("HCM",D58)),"HCM", IF(ISNUMBER(SEARCH("HN",D58)),"HN", IF(ISNUMBER(SEARCH("ĐN",D58)),"ĐN",""))) -> HCM
A59: =IF(Table2[[#This Row],[Code CC- ]]="", "", A58+1) -> 56 | B59: SA | C59: 45807 | D59: CC_490525-HCM | F59: CONG TY CO PHAN DUOC PHAM FPT LONG CHAU | G59: LO L-1, DUONG N2, KCN HUU THANH, XA HUU THANH, HUYEN DUC HOA, TINH LONG AN | H59: TYPHIM VI 25MCG | I59: X2A452V | J59: 45064 | K59: 46142 | L59: HỘP | M59: 2 | N59: Khi kiểm tra cảm quan thì phát hiện không có bơm tiêm chứa vắc xin bên trong hộp. Hộp vắc xin còn nguyên vẹn và đã khui seal để kiểm tra cảm quan | O59: Lỗi từ nhà sản xuất | P59: Ngày 30/05/2025, báo email cho hãng Chấp nhận đền bù cho khách-> hoàn tất | Q59: X | R59: email | S59: Xuất mẫu theo đợt | U59: =MONTH(Table2[[#This Row],[Ngày date]]) -> 5 | V59: =IF(K59="","CHƯA NHẬP NGÀY",TEXT(K59,"dd/mm/yyyy")) -> 30/04/2026 | W59: =IF(T59="","CHƯA NHẬP NGÀY",TEXT(T59,"dd/mm/yyyy")) -> CHƯA NHẬP NGÀY | X59: =IF(J59="","CHƯA NHẬP NGÀY",TEXT(J59,"dd/mm/yyyy")) -> 18/05/2023 | Y59: =HYPERLINK('Danh mục'!$D$1&"20"&MID(D59,8,2)&"\"&D59,D59) -> CC_490525-HCM | Z59: =YEAR(Table2[[#This Row],[Ngày date]]) -> 2025 | AA59: =IF(ISNUMBER(SEARCH("HCM",D59)),"HCM", IF(ISNUMBER(SEARCH("HN",D59)),"HN", IF(ISNUMBER(SEARCH("ĐN",D59)),"ĐN",""))) -> HCM
A60: =IF(Table2[[#This Row],[Code CC- ]]="", "", A59+1) -> 57 | B60: SA | C60: 45807 | D60: CC_500525-HCM | F60: CONG TY CO PHAN DUOC PHAM FPT LONG CHAU | G60: LO L-1, DUONG N2, KCN HUU THANH, XA HUU THANH, HUYEN DUC HOA, TINH LONG AN | H60: AVAXIM 80U PEDIATRIC | I60: X3D131V | J60: 45058 | K60: 46142 | L60: HỘP | M60: 1 | N60: + Khi kiểm tra cảm quan thì phát hiện không có bơm tiêm chứa vắc xin bên trong hộp. + Hộp vắc xin còn nguyên vẹn và đã khui seal để kiểm tra cảm quan. | O60: Lỗi từ nhà sản xuất | P60: Ngày 30/05/2025, báo email cho hãng Chấp nhận đền bù cho khách-> hoàn tất | Q60: X | R60: email | S60: Xuất mẫu theo đợt | T60: 45839 | U60: =MONTH(Table2[[#This Row],[Ngày date]]) -> 5 | V60: =IF(K60="","CHƯA NHẬP NGÀY",TEXT(K60,"dd/mm/yyyy")) -> 30/04/2026 | W60: =IF(T60="","CHƯA NHẬP NGÀY",TEXT(T60,"dd/mm/yyyy")) -> 01/07/2025 | X60: =IF(J60="","CHƯA NHẬP NGÀY",TEXT(J60,"dd/mm/yyyy")) -> 12/05/2023 | Y60: =HYPERLINK('Danh mục'!$D$1&"20"&MID(D60,8,2)&"\"&D60,D60) -> CC_500525-HCM | Z60: =YEAR(Table2[[#This Row],[Ngày date]]) -> 2025 | AA60: =IF(ISNUMBER(SEARCH("HCM",D60)),"HCM", IF(ISNUMBER(SEARCH("HN",D60)),"HN", IF(ISNUMBER(SEARCH("ĐN",D60)),"ĐN",""))) -> HCM
A61: =IF(Table2[[#This Row],[Code CC- ]]="", "", A60+1) -> 58 | B61: SA | C61: 45807 | D61: CC_510525-HCM | F61: CONG TY CO PHAN DUOC PHAM FPT LONG CHAU | G61: LO L-1, DUONG N2, KCN HUU THANH, XA HUU THANH, HUYEN DUC HOA, TINH LONG AN | H61: AVAXIM 80U PEDIATRIC | I61: X3H271V | J61: 45208 | K61: 46295 | L61: HỘP | M61: 1 | N61: + Khi kiểm tra cảm quan thì phát hiện không có bơm tiêm chứa vắc xin bên trong khay nhựa PVC + Hộp vắc xin còn nguyên vẹn và đã khui seal để kiểm tra cảm quan | O61: Lỗi từ nhà sản xuất | P61: Ngày 30/05/2025, báo email cho hãng Đang chờ khách cung cấp chứng từ hóa đơn Khách hàng không cung cấp chứng từ, nên không khiếu nại nữa -> hoàn tất | Q61: X | R61: email | S61: Xuất mẫu theo đợt | U61: =MONTH(Table2[[#This Row],[Ngày date]]) -> 5 | V61: =IF(K61="","CHƯA NHẬP NGÀY",TEXT(K61,"dd/mm/yyyy")) -> 30/09/2026 | W61: =IF(T61="","CHƯA NHẬP NGÀY",TEXT(T61,"dd/mm/yyyy")) -> CHƯA NHẬP NGÀY | X61: =IF(J61="","CHƯA NHẬP NGÀY",TEXT(J61,"dd/mm/yyyy")) -> 09/10/2023 | Y61: =HYPERLINK('Danh mục'!$D$1&"20"&MID(D61,8,2)&"\"&D61,D61) -> CC_510525-HCM | Z61: =YEAR(Table2[[#This Row],[Ngày date]]) -> 2025 | AA61: =IF(ISNUMBER(SEARCH("HCM",D61)),"HCM", IF(ISNUMBER(SEARCH("HN",D61)),"HN", IF(ISNUMBER(SEARCH("ĐN",D61)),"ĐN",""))) -> HCM
A62: =IF(Table2[[#This Row],[Code CC- ]]="", "", A61+1) -> 59 | B62: SA | C62: 45807 | D62: CC_520525-HCM | F62: CONG TY CO PHAN DUOC PHAM FPT LONG CHAU | G62: LO L-1, DUONG N2, KCN HUU THANH, XA HUU THANH, HUYEN DUC HOA, TINH LONG AN | H62: VERORAB 0.5ML | I62: X1D421V | J62: 45274 | K62: 46356 | L62: HỘP | M62: 1 | N62: Khi kiểm tra cảm quan thì phát hiện nhãn dán trên lọ bột đông khô bị lỗi | O62: Lỗi từ nhà sản xuất | P62: Ngày 30/05/2025, báo email cho hãng Đang chờ khách cung cấp chứng từ hóa đơn Khách hàng không cung cấp chứng từ, nên không khiếu nại nữa -> hoàn tất | Q62: X | R62: email | S62: Xuất mẫu theo đợt | T62: 45839 | U62: =MONTH(Table2[[#This Row],[Ngày date]]) -> 5 | V62: =IF(K62="","CHƯA NHẬP NGÀY",TEXT(K62,"dd/mm/yyyy")) -> 30/11/2026 | W62: =IF(T62="","CHƯA NHẬP NGÀY",TEXT(T62,"dd/mm/yyyy")) -> 01/07/2025 | X62: =IF(J62="","CHƯA NHẬP NGÀY",TEXT(J62,"dd/mm/yyyy")) -> 14/12/2023 | Y62: =HYPERLINK('Danh mục'!$D$1&"20"&MID(D62,8,2)&"\"&D62,D62) -> CC_520525-HCM | Z62: =YEAR(Table2[[#This Row],[Ngày date]]) -> 2025 | AA62: =IF(ISNUMBER(SEARCH("HCM",D62)),"HCM", IF(ISNUMBER(SEARCH("HN",D62)),"HN", IF(ISNUMBER(SEARCH("ĐN",D62)),"ĐN",""))) -> HCM
A63: =IF(Table2[[#This Row],[Code CC- ]]="", "", A62+1) -> 60 | B63: SA | C63: 45807 | D63: CC_530525-HCM | F63: PHARMACITY | G63: 248 NO TRANG LONG, P12, Q BINH THANH, TP. HO CHI MINH | H63: TAVANIC 500MG | I63: 4MF4A | J63: 04/2024 | K63: 46476 | L63: HỘP | M63: 1 | N63: CS nhận được thông tin khách hàng của chuỗi Pharmacity mua Viên nén Tavanic 500mg điều trị nhiễm khuẩn (1 vỉ x 5 viên), thắc mắc tại sao 1 hộp có ghi thông tin công ty nhập khẩu, 1 hộp thì không có thông tin. (Hình ảnh đính kèm) - Hộp lô 4MF4A không ghi thông tin công ty nhập khẩu - Hộp lô 4ND3A có ghi thông tin nhập khẩu | O63: NA | P63: Đã nhận được câu trả lời từ hãng--> Hoàn tất | S63: Trả lời câu hỏi | U63: =MONTH(Table2[[#This Row],[Ngày date]]) -> 5 | V63: =IF(K63="","CHƯA NHẬP NGÀY",TEXT(K63,"dd/mm/yyyy")) -> 30/03/2027 | W63: =IF(T63="","CHƯA NHẬP NGÀY",TEXT(T63,"dd/mm/yyyy")) -> CHƯA NHẬP NGÀY | X63: =IF(J63="","CHƯA NHẬP NGÀY",TEXT(J63,"dd/mm/yyyy")) -> 01/04/2024 | Y63: =HYPERLINK('Danh mục'!$D$1&"20"&MID(D63,8,2)&"\"&D63,D63) -> CC_530525-HCM | Z63: =YEAR(Table2[[#This Row],[Ngày date]]) -> 2025 | AA63: =IF(ISNUMBER(SEARCH("HCM",D63)),"HCM", IF(ISNUMBER(SEARCH("HN",D63)),"HN", IF(ISNUMBER(SEARCH("ĐN",D63)),"ĐN",""))) -> HCM
A64: =IF(Table2[[#This Row],[Code CC- ]]="", "", A63+1) -> 61 | B64: MG | C64: 45813 | D64: CC_540625-HCM | F64: NHA THUOC PHAM HUU CHI | G64: 13 THUAN KIEU, PHUONG 12, QUAN 5 | H64: EASYEF HOP/1 BO 10ML (BOM TIEM CHUA 1ML DUNG DICH THUOC + LO CHUA 9ML DUNG MOI) | I64: B07850 | J64: NA | K64: 46312 | L64: HỘP | M64: 1 | N64: Khách hàng phản hồi chai thuốc không xịt ra được | O64: Lỗi từ nhà sản xuất | P64: Báo CS kiểm tra lịch sử đơn hàng 13/06/2025, Hàng đã được Hoàng Đức thu về Chưa nhận được email hướng xử lý từ hãng Xuất sang hãng điều tra nguyên nhân | Q64: X | R64: Email | S64: XUẤT MẪU NGAY NHẬN | U64: =MONTH(Table2[[#This Row],[Ngày date]]) -> 6 | V64: =IF(K64="","CHƯA NHẬP NGÀY",TEXT(K64,"dd/mm/yyyy")) -> 17/10/2026 | W64: =IF(T64="","CHƯA NHẬP NGÀY",TEXT(T64,"dd/mm/yyyy")) -> CHƯA NHẬP NGÀY | X64: =IF(J64="","CHƯA NHẬP NGÀY",TEXT(J64,"dd/mm/yyyy")) -> NA | Y64: =HYPERLINK('Danh mục'!$D$1&"20"&MID(D64,8,2)&"\"&D64,D64) -> CC_540625-HCM | Z64: =YEAR(Table2[[#This Row],[Ngày date]]) -> 2025 | AA64: =IF(ISNUMBER(SEARCH("HCM",D64)),"HCM", IF(ISNUMBER(SEARCH("HN",D64)),"HN", IF(ISNUMBER(SEARCH("ĐN",D64)),"ĐN",""))) -> HCM
A65: =IF(Table2[[#This Row],[Code CC- ]]="", "", A64+1) -> 62 | B65: HY | C65: 45817 | D65: CC_550625-HCM | F65: Kho ODN Quận 7 | G65: SỐ 21 ĐƯỜNG D1 KHU CHẾ XUẤT TÂN THUẬN - Q.7- TP. HCM | H65: STERIMAR BLOCKED NOSE BABY 50 ML | I65: FE3273C | J65: NA | K65: 46295 | L65: HỘP | M65: 14 | N65: Hàng bị móp | O65: Lỗi do đơn vị vận chuyển | P65: 09/06/2025, báo email cho CS xin thêm thông tin từ khách Sau khi điều tra lỗi do đơn vị vận chuyển Tiến hành thu hồi lỗi về và đổi cho khách, Hướng xử lý với hàng bị lỗi đang chờ thông tin từ đơn vị vận chuyển 15/07 nhắc mail cho đơn vị vận chuyển về việc hàng bị lỗi, Lỗi móp không ảnh hưởng sản phẩm bên trong chuyển bán chỉ định --> hoàn tất | S65: Chuyển bán | U65: =MONTH(Table2[[#This Row],[Ngày date]]) -> 6 | V65: =IF(K65="","CHƯA NHẬP NGÀY",TEXT(K65,"dd/mm/yyyy")) -> 30/09/2026 | W65: =IF(T65="","CHƯA NHẬP NGÀY",TEXT(T65,"dd/mm/yyyy")) -> CHƯA NHẬP NGÀY | X65: =IF(J65="","CHƯA NHẬP NGÀY",TEXT(J65,"dd/mm/yyyy")) -> NA | Y65: =HYPERLINK('Danh mục'!$D$1&"20"&MID(D65,8,2)&"\"&D65,D65) -> CC_550625-HCM | Z65: =YEAR(Table2[[#This Row],[Ngày date]]) -> 2025 | AA65: =IF(ISNUMBER(SEARCH("HCM",D65)),"HCM", IF(ISNUMBER(SEARCH("HN",D65)),"HN", IF(ISNUMBER(SEARCH("ĐN",D65)),"ĐN",""))) -> HCM
A66: =IF(Table2[[#This Row],[Code CC- ]]="", "", A65+1) -> 63 | B66: RD | C66: 45817 | D66: CC_560625-HN | F66: Viện Huyết học Truyền Máu Trung ương | G66: 5 P. PHẠM VĂN BẠCH, YÊN HOÀ, CẦU GIẤY, HÀ NỘI | H66: Winduza | I66: H250330 | J66: 03/2025 | K66: 46446 | L66: HỘP | M66: 1 | N66: Có cặn sau khi hoàn nguyên | O66: Lỗi từ nhà sản xuất | P66: Hãng đồng ý chuyển hủy và đền bù cho khách -> Hoàn tất | S66: Chờ hủy | U66: =MONTH(Table2[[#This Row],[Ngày date]]) -> 6 | V66: =IF(K66="","CHƯA NHẬP NGÀY",TEXT(K66,"dd/mm/yyyy")) -> 28/02/2027 | W66: =IF(T66="","CHƯA NHẬP NGÀY",TEXT(T66,"dd/mm/yyyy")) -> CHƯA NHẬP NGÀY | X66: =IF(J66="","CHƯA NHẬP NGÀY",TEXT(J66,"dd/mm/yyyy")) -> 01/03/2025 | Y66: =HYPERLINK('Danh mục'!$D$1&"20"&MID(D66,8,2)&"\"&D66,D66) -> CC_560625-HN | Z66: =YEAR(Table2[[#This Row],[Ngày date]]) -> 2025 | AA66: =IF(ISNUMBER(SEARCH("HCM",D66)),"HCM", IF(ISNUMBER(SEARCH("HN",D66)),"HN", IF(ISNUMBER(SEARCH("ĐN",D66)),"ĐN",""))) -> HN
A67: =IF(Table2[[#This Row],[Code CC- ]]="", "", A66+1) -> 64 | B67: RD | C67: 45820 | D67: CC_570625-HN | F67: BENH VIEN K | G67: SO 30 CAU BUOU, TAN TRIEU, THANH TRI, HA NOI | H67: Redditux 500 | I67: N250204A | J67: NA | K67: 46812 | L67: HỘP | M67: 1 | N67: Bệnh viện K có đặt hàng Redditux 100 vào ngày 9/6/2025 với số lượng 100 hộp. Ngày 10/6/2025 khoa Dược bệnh viện có nhận hàng và phát hiện 1 lọ thuốc Redditux100 bên ngoài vỏ hộp bị lỗi (Hình ảnh như trong video). Bệnh viện đề nghị công ty thu hồi hộp lỗi này và đổi cho bệnh viện 01 hộp mới. | O67: Lỗi không xuất phát từ Hoàng Đức và nhà sản xuất | P67: - 20/06/2025, hàng khiếu nại về kho - 17/07/2025, khách cung cấp thông tin không có video kiểm hàng Đồng ý đền bù cho khách --> Hoàn tất | S67: Chờ hủy | U67: =MONTH(Table2[[#This Row],[Ngày date]]) -> 6 | V67: =IF(K67="","CHƯA NHẬP NGÀY",TEXT(K67,"dd/mm/yyyy")) -> 29/02/2028 | W67: =IF(T67="","CHƯA NHẬP NGÀY",TEXT(T67,"dd/mm/yyyy")) -> CHƯA NHẬP NGÀY | X67: =IF(J67="","CHƯA NHẬP NGÀY",TEXT(J67,"dd/mm/yyyy")) -> NA | Y67: =HYPERLINK('Danh mục'!$D$1&"20"&MID(D67,8,2)&"\"&D67,D67) -> CC_570625-HN | Z67: =YEAR(Table2[[#This Row],[Ngày date]]) -> 2025 | AA67: =IF(ISNUMBER(SEARCH("HCM",D67)),"HCM", IF(ISNUMBER(SEARCH("HN",D67)),"HN", IF(ISNUMBER(SEARCH("ĐN",D67)),"ĐN",""))) -> HN
A68: =IF(Table2[[#This Row],[Code CC- ]]="", "", A67+1) -> 65 | B68: AZ | C68: 45821 | D68: CC_580625-HCM | F68: BENH VIEN UNG BUOU HUNG VIET | G68: SO NHA 34, PHO DAI CO VIET, PHUONG LE DAI HANH, QUAN HAI BA TRUNG, THANH PHO HA NOI | H68: ZOLADEX 3.6 MG DEPOT 1'S | I68: NA | J68: NA | K68: NA | L68: NA | M68: NA | N68: Ngày 09/09/2024, Hoàng Đức nhận được sự cố tiêm khi tiêm sản phẩm ZOLADEX 3.6 MG DEPOT 1'S (mô tả như file đính kèm) của CN004928 - BENH VIEN UNG BUOU HUNG VIET, cần công văn phản hồi về chất lượng sản phẩm | O68: NA | P68: Ngày 27/06/2025, đã nhận được công văn giải trình về chất lượng sản phẩm từ bộ phận QA AZ Ngày 26/06/2025, Hoàng Đức gửi đến Bộ phận thông tin Y Khoa của AZ để xin thêm thông tin giải đáp cho khách hàng | S68: Trả lời câu hỏi | U68: =MONTH(Table2[[#This Row],[Ngày date]]) -> 6 | V68: =IF(K68="","CHƯA NHẬP NGÀY",TEXT(K68,"dd/mm/yyyy")) -> NA | W68: =IF(T68="","CHƯA NHẬP NGÀY",TEXT(T68,"dd/mm/yyyy")) -> CHƯA NHẬP NGÀY | X68: =IF(J68="","CHƯA NHẬP NGÀY",TEXT(J68,"dd/mm/yyyy")) -> NA | Y68: =HYPERLINK('Danh mục'!$D$1&"20"&MID(D68,8,2)&"\"&D68,D68) -> CC_580625-HCM | Z68: =YEAR(Table2[[#This Row],[Ngày date]]) -> 2025 | AA68: =IF(ISNUMBER(SEARCH("HCM",D68)),"HCM", IF(ISNUMBER(SEARCH("HN",D68)),"HN", IF(ISNUMBER(SEARCH("ĐN",D68)),"ĐN",""))) -> HCM
A69: =IF(Table2[[#This Row],[Code CC- ]]="", "", A68+1) -> 66 | B69: SA | C69: 45828 | D69: CC_590625-HCM | F69: CONG TY CO PHAN DUOC PHAM FPT LONG CHAU | G69: LO L-1, DUONG N2, KCN HUU THANH, XA HUU THANH, HUYEN DUC HOA, TINH LONG AN | H69: TETRAXIM | I69: W3H384V | J69: 44806 | K69: 45900 | L69: HỘP | M69: 1 | N69: + Khi kiểm tra cảm quan thì phát hiện màng nhựa trên khay nhựa chứa bơm tiêm vắc xin bị hở. + Bơm tiêm chứa vắc xin vẫn còn nằm trong khay nhựa. Hộp vắc xin còn nguyên vẹn và đã khui seal để kiểm tra cảm quan. | O69: Lỗi từ nhà sản xuất | P69: Ngày 23/06/2025, gửi email cho hãng và nhận được phản hồi chấp nhận đền bù cho khách | Q69: x | R69: mail | S69: Xuất mẫu theo đợt | U69: =MONTH(Table2[[#This Row],[Ngày date]]) -> 6 | V69: =IF(K69="","CHƯA NHẬP NGÀY",TEXT(K69,"dd/mm/yyyy")) -> 31/08/2025 | W69: =IF(T69="","CHƯA NHẬP NGÀY",TEXT(T69,"dd/mm/yyyy")) -> CHƯA NHẬP NGÀY | X69: =IF(J69="","CHƯA NHẬP NGÀY",TEXT(J69,"dd/mm/yyyy")) -> 02/09/2022 | Y69: =HYPERLINK('Danh mục'!$D$1&"20"&MID(D69,8,2)&"\"&D69,D69) -> CC_590625-HCM | Z69: =YEAR(Table2[[#This Row],[Ngày date]]) -> 2025 | AA69: =IF(ISNUMBER(SEARCH("HCM",D69)),"HCM", IF(ISNUMBER(SEARCH("HN",D69)),"HN", IF(ISNUMBER(SEARCH("ĐN",D69)),"ĐN",""))) -> HCM
A70: =IF(Table2[[#This Row],[Code CC- ]]="", "", A69+1) -> 67 | B70: DV | C70: 45832 | D70: CC_600625-ĐN | F70: QUAY THUOC SO 182 THUOC CONG TY CO PHAN THUONG MAI DUOC –SAM NGOC LINH QUANG NAM | G70: THON LA THO, XA DIEN HOA, THI XA DIEN BAN, TINH QUANG NAM | H70: Nixki | I70: 222693 | J70: NA | K70: 45979 | L70: HỘP | M70: 2 | N70: sản phẩm có tình trạng ướt viên thuốc và dính vỉ | O70: Lỗi 1 phần do bao bì cấp 1 nhạy cảm với độ ẩm cao, 1 phần có thể do điều kiện bảo quản từ khách | P70: Ngày 02/07/2025, hãng yêu cầu gửi điều tra | S70: XUẤT MẪU NGAY NHẬN | U70: =MONTH(Table2[[#This Row],[Ngày date]]) -> 6 | V70: =IF(K70="","CHƯA NHẬP NGÀY",TEXT(K70,"dd/mm/yyyy")) -> 18/11/2025 | W70: =IF(T70="","CHƯA NHẬP NGÀY",TEXT(T70,"dd/mm/yyyy")) -> CHƯA NHẬP NGÀY | X70: =IF(J70="","CHƯA NHẬP NGÀY",TEXT(J70,"dd/mm/yyyy")) -> NA | Y70: =HYPERLINK('Danh mục'!$D$1&"20"&MID(D70,8,2)&"\"&D70,D70) -> CC_600625-ĐN | Z70: =YEAR(Table2[[#This Row],[Ngày date]]) -> 2025 | AA70: =IF(ISNUMBER(SEARCH("HCM",D70)),"HCM", IF(ISNUMBER(SEARCH("HN",D70)),"HN", IF(ISNUMBER(SEARCH("ĐN",D70)),"ĐN",""))) -> ĐN
A71: =IF(Table2[[#This Row],[Code CC- ]]="", "", A70+1) -> 68 | B71: DV | C71: 45832 | D71: CC_600625-ĐN | F71: QUAY THUOC SO 182 THUOC CONG TY CO PHAN THUONG MAI DUOC –SAM NGOC LINH QUANG NAM | G71: THON LA THO, XA DIEN HOA, THI XA DIEN BAN, TINH QUANG NAM | H71: Nixki | I71: 223509 | J71: NA | K71: 46026 | L71: HỘP | M71: 4 | N71: sản phẩm có tình trạng ướt viên thuốc và dính vỉ | O71: Lỗi 1 phần do bao bì cấp 1 nhạy cảm với độ ẩm cao, 1 phần có thể do điều kiện bảo quản từ khách | P71: Ngày 02/07/2025, hãng yêu cầu gửi điều tra | S71: XUẤT MẪU NGAY NHẬN | U71: =MONTH(Table2[[#This Row],[Ngày date]]) -> 6 | V71: =IF(K71="","CHƯA NHẬP NGÀY",TEXT(K71,"dd/mm/yyyy")) -> 04/01/2026 | W71: =IF(T71="","CHƯA NHẬP NGÀY",TEXT(T71,"dd/mm/yyyy")) -> CHƯA NHẬP NGÀY | X71: =IF(J71="","CHƯA NHẬP NGÀY",TEXT(J71,"dd/mm/yyyy")) -> NA | Y71: =HYPERLINK('Danh mục'!$D$1&"20"&MID(D71,8,2)&"\"&D71,D71) -> CC_600625-ĐN | Z71: =YEAR(Table2[[#This Row],[Ngày date]]) -> 2025 | AA71: =IF(ISNUMBER(SEARCH("HCM",D71)),"HCM", IF(ISNUMBER(SEARCH("HN",D71)),"HN", IF(ISNUMBER(SEARCH("ĐN",D71)),"ĐN",""))) -> ĐN
A72: =IF(Table2[[#This Row],[Code CC- ]]="", "", A71+1) -> 69 | B72: SA | C72: 45833 | D72: CC_610625-HCM | F72: CONG TY CO PHAN BENH VIEN DA KHOA HOAN MY SAI GON | G72: 60-60A PHAN XICH LONG, PHUONG 1, QUAN PHU NHUAN, TP.HO CHI MINH | H72: TOUJEO SOLOSTAR 450IU B/5 PENS X 1.5ML | I72: 4F119A | J72: 45367 | K72: 46235 | L72: BÚT | M72: 1 | N72: Bệnh nhân nhận bút ngày 23/06/2025 đến ngày 25/06/2025 bệnh nhân mang bút đến qua kiểm tra thì bút bị cứng không đẩy thuốc ra ngoài được. Bệnh nhân sử dụng kim: Kim tiêm Insulin Novofine, 31 G, Cái (Novo Nordisk, Denmark) | O72: Lỗi từ nhà sản xuất | P72: Ngày 26/06/2025, gửi mail cho hãng và chấp nhận đền bù, tuy nhiên bên hãng cần thêm thông tin hình ảnh lô sản phẩm Liên hệ với khách xin thêm thông tin và chính sách bảo mật thông tin cá nhân | S72: Xuất mẫu theo đợt | U72: =MONTH(Table2[[#This Row],[Ngày date]]) -> 6 | V72: =IF(K72="","CHƯA NHẬP NGÀY",TEXT(K72,"dd/mm/yyyy")) -> 01/08/2026 | W72: =IF(T72="","CHƯA NHẬP NGÀY",TEXT(T72,"dd/mm/yyyy")) -> CHƯA NHẬP NGÀY | X72: =IF(J72="","CHƯA NHẬP NGÀY",TEXT(J72,"dd/mm/yyyy")) -> 16/03/2024 | Y72: =HYPERLINK('Danh mục'!$D$1&"20"&MID(D72,8,2)&"\"&D72,D72) -> CC_610625-HCM | Z72: =YEAR(Table2[[#This Row],[Ngày date]]) -> 2025 | AA72: =IF(ISNUMBER(SEARCH("HCM",D72)),"HCM", IF(ISNUMBER(SEARCH("HN",D72)),"HN", IF(ISNUMBER(SEARCH("ĐN",D72)),"ĐN",""))) -> HCM
A73: =IF(Table2[[#This Row],[Code CC- ]]="", "", A72+1) -> 70 | B73: SA | C73: 45835 | D73: CC_620625-HCM-HUY | F73: HO KINH DOANH PHONG KHAM NHI VA TIEM NGUA DICH VU KHANH LINH | G73: 52 DUONG MAC DINH CHI, KHOM 1, PHUONG 1, THANH PHO SOC TRANG, TINH SOC TRANG | H73: VERORAB 0.5ML 10D INJ VL10+P10 M36 H VN | I73: Y1A171V | J73: 45331 | K73: 46418 | L73: LỌ | M73: 1 | N73: 1 hộp vaccine Verorab bị thiếu 1 ống nước | O73: Lỗi từ nhà sản xuất | P73: Hãng đồng ý đền bù cho khách 30/06/2025 khách cancel case do không cung cấp chứng từ theo quy trình xử lý khiếu nại --> Hoàn tất | S73: Hủy khiếu nại | U73: =MONTH(Table2[[#This Row],[Ngày date]]) -> 6 | V73: =IF(K73="","CHƯA NHẬP NGÀY",TEXT(K73,"dd/mm/yyyy")) -> 31/01/2027 | W73: =IF(T73="","CHƯA NHẬP NGÀY",TEXT(T73,"dd/mm/yyyy")) -> CHƯA NHẬP NGÀY | X73: =IF(J73="","CHƯA NHẬP NGÀY",TEXT(J73,"dd/mm/yyyy")) -> 09/02/2024 | Y73: =HYPERLINK('Danh mục'!$D$1&"20"&MID(D73,8,2)&"\"&D73,D73) -> CC_620625-HCM-HUY | Z73: =YEAR(Table2[[#This Row],[Ngày date]]) -> 2025 | AA73: =IF(ISNUMBER(SEARCH("HCM",D73)),"HCM", IF(ISNUMBER(SEARCH("HN",D73)),"HN", IF(ISNUMBER(SEARCH("ĐN",D73)),"ĐN",""))) -> HCM
A74: =IF(Table2[[#This Row],[Code CC- ]]="", "", A73+1) -> 71 | B74: SA | C74: 45838 | D74: CC_630625-ĐN | F74: HỘ KINH DOANH DỊCH VỤ VẮC XIN NGƯỜI LỚN VÀ TRẺ EM | G74: 115 TRAN HUNG DAO, PHUONG CAM PHO, THANH PHO HOI AN, TINH QUANG NAM | H74: TYPHIM Vi | I74: X2A561V | J74: 45236 | K74: 46326 | L74: Hộp | M74: 1 | N74: Lỗi không có thuốc bên trong hộp (hình ảnh và video đính kèm) | O74: Lỗi từ nhà sản xuất | P74: Hãng chấp nhận khiếu nại, tiến hành đền bù cho khách --> Hoàn tất | S74: Xuất mẫu theo đợt | U74: =MONTH(Table2[[#This Row],[Ngày date]]) -> 6 | V74: =IF(K74="","CHƯA NHẬP NGÀY",TEXT(K74,"dd/mm/yyyy")) -> 31/10/2026 | W74: =IF(T74="","CHƯA NHẬP NGÀY",TEXT(T74,"dd/mm/yyyy")) -> CHƯA NHẬP NGÀY | X74: =IF(J74="","CHƯA NHẬP NGÀY",TEXT(J74,"dd/mm/yyyy")) -> 06/11/2023 | Y74: =HYPERLINK('Danh mục'!$D$1&"20"&MID(D74,8,2)&"\"&D74,D74) -> CC_630625-ĐN | Z74: =YEAR(Table2[[#This Row],[Ngày date]]) -> 2025 | AA74: =IF(ISNUMBER(SEARCH("HCM",D74)),"HCM", IF(ISNUMBER(SEARCH("HN",D74)),"HN", IF(ISNUMBER(SEARCH("ĐN",D74)),"ĐN",""))) -> ĐN
A75: =IF(Table2[[#This Row],[Code CC- ]]="", "", A74+1) -> 72 | B75: MG | C75: 45839 | D75: CC_640725-HCM | F75: BENH VIEN PHAP VIET (CTTNHH YTE VIEN DONG VN) | G75: NGUYEN LUONG BANG, PHUONG TAN PHU,DO THI MOI NAM TP, QUAN 7, TP HCM | H75: PAXUS PM (HOP/1 LO) | I75: GP32512 | J75: 45679 | K75: 46408 | L75: Lọ | M75: 7 | N75: Sản phẩm sau khi hoàn nguyên bị đục | O75: Lỗi từ nhà sản xuất | P75: Hãng chấp nhận đền bù cho khách, hàng khiếu nại thu về cho vào khu vực chờ xử lý, xuất trả hãng theo đợt Về phía khách, hãng sẽ làm việc trực tiếp Hàng đã được hãng tới trực tiếp bệnh viện để lấy --> Hoàn tất 07/08/2025, hãng báo đền bù thêm cho khách 05 lọ nhưng không có mẫu thu về chỉ làm trên chứng từ hóa đơn | S75: Xuất mẫu theo đợt | U75: =MONTH(Table2[[#This Row],[Ngày date]]) -> 7 | V75: =IF(K75="","CHƯA NHẬP NGÀY",TEXT(K75,"dd/mm/yyyy")) -> 21/01/2027 | W75: =IF(T75="","CHƯA NHẬP NGÀY",TEXT(T75,"dd/mm/yyyy")) -> CHƯA NHẬP NGÀY | X75: =IF(J75="","CHƯA NHẬP NGÀY",TEXT(J75,"dd/mm/yyyy")) -> 22/01/2025 | Y75: =HYPERLINK('Danh mục'!$D$1&"20"&MID(D75,8,2)&"\"&D75,D75) -> CC_640725-HCM | Z75: =YEAR(Table2[[#This Row],[Ngày date]]) -> 2025 | AA75: =IF(ISNUMBER(SEARCH("HCM",D75)),"HCM", IF(ISNUMBER(SEARCH("HN",D75)),"HN", IF(ISNUMBER(SEARCH("ĐN",D75)),"ĐN",""))) -> HCM
A76: =IF(Table2[[#This Row],[Code CC- ]]="", "", A75+1) -> 73 | B76: MG | C76: 45839 | D76: CC_640725-HCM | F76: BENH VIEN PHAP VIET (CTTNHH YTE VIEN DONG VN) | G76: NGUYEN LUONG BANG, PHUONG TAN PHU,DO THI MOI NAM TP, QUAN 7, TP HCM | H76: PAXUS PM (HOP/1 LO) | I76: GP32461 | J76: 45455 | K76: 46184 | L76: Lọ | M76: 2 | N76: Sản phẩm sau khi hoàn nguyên bị đục | O76: Lỗi từ nhà sản xuất | P76: Hãng chấp nhận đền bù cho khách, hàng khiếu nại thu về cho vào khu vực chờ xử lý, xuất trả hãng theo đợt Về phía khách, hãng sẽ làm việc trực tiếp Hàng đã được hãng tới trực tiếp bệnh viện để lấy --> Hoàn tất 07/08/2025, hãng báo đền bù thêm cho khách 05 lọ nhưng không có mẫu thu về chỉ làm trên chứng từ hóa đơn | S76: Xuất mẫu theo đợt | U76: =MONTH(Table2[[#This Row],[Ngày date]]) -> 7 | V76: =IF(K76="","CHƯA NHẬP NGÀY",TEXT(K76,"dd/mm/yyyy")) -> 11/06/2026 | W76: =IF(T76="","CHƯA NHẬP NGÀY",TEXT(T76,"dd/mm/yyyy")) -> CHƯA NHẬP NGÀY | X76: =IF(J76="","CHƯA NHẬP NGÀY",TEXT(J76,"dd/mm/yyyy")) -> 12/06/2024 | Y76: =HYPERLINK('Danh mục'!$D$1&"20"&MID(D76,8,2)&"\"&D76,D76) -> CC_640725-HCM | Z76: =YEAR(Table2[[#This Row],[Ngày date]]) -> 2025 | AA76: =IF(ISNUMBER(SEARCH("HCM",D76)),"HCM", IF(ISNUMBER(SEARCH("HN",D76)),"HN", IF(ISNUMBER(SEARCH("ĐN",D76)),"ĐN",""))) -> HCM
A77: =IF(Table2[[#This Row],[Code CC- ]]="", "", A76+1) -> 74 | B77: OPELLA | C77: 45847 | D77: CC_650725-HCM | F77: KHOA DUOC BENH VIEN NHI DONG 2 | G77: 14 LY TU TRONG - PHUONG BEN NGHE - QUAN 1 – TP. HO CHI MINH | H77: PHOSPHALUGEL 12.38G/20G ORGEL SC26 VN | I77: 528028 | J77: 45678 | K77: 46773 | L77: Gói | M77: 3 | N77: KAM nhận thông tin và trực tiếp vào khoa ghi nhận có khoảng 3 túi Phosphalugel bị bục đáy, thuốc tràn ra ngoài đã khô dính không thể sử dụng được | O77: Lỗi từ nhà sản xuất | P77: 09/07/2025: báo email cho hãng 10/07/2025: Chấp nhận đền bù cho khách 23/07/2025: hãng yêu cầu cung cấp thêm thông tin hình ảnh 31/07/2025: cung cấp hình ảnh cho hãng và hãng chấp nhận khiếu nại 01/08/2025: khách không cần đền bù đổi trả --> Hoàn tất | Q77: Không | R77: mail | S77: HỦY KHIẾU NẠI | U77: =MONTH(Table2[[#This Row],[Ngày date]]) -> 7 | V77: =IF(K77="","CHƯA NHẬP NGÀY",TEXT(K77,"dd/mm/yyyy")) -> 21/01/2028 | W77: =IF(T77="","CHƯA NHẬP NGÀY",TEXT(T77,"dd/mm/yyyy")) -> CHƯA NHẬP NGÀY | X77: =IF(J77="","CHƯA NHẬP NGÀY",TEXT(J77,"dd/mm/yyyy")) -> 21/01/2025 | Y77: =HYPERLINK('Danh mục'!$D$1&"20"&MID(D77,8,2)&"\"&D77,D77) -> CC_650725-HCM | Z77: =YEAR(Table2[[#This Row],[Ngày date]]) -> 2025 | AA77: =IF(ISNUMBER(SEARCH("HCM",D77)),"HCM", IF(ISNUMBER(SEARCH("HN",D77)),"HN", IF(ISNUMBER(SEARCH("ĐN",D77)),"ĐN",""))) -> HCM
A78: =IF(Table2[[#This Row],[Code CC- ]]="", "", A77+1) -> 75 | B78: IMEX | C78: 45849 | D78: CC_660725-HCM | F78: NHA THUOC THANH QUI | G78: 28 DIEN BIEN PHU, KHOM 3, PHUONG 2, THANH PHO TRA VINH, TINH TRA VINH | H78: OSPAMOX 500MG TAB 10'S (NQ) | I78: 040D002 | J78: NA | K78: 47244 | L78: vỉ | M78: 1 | N78: Khách hàng báo có 1 vỉ không có viên thuốc bên trong | O78: Lỗi từ nhà sản xuất | P78: Nhận được email đồng ý đền bù cho khách và gửi mẫu về nhà máy điều tra | S78: XUẤT MẪU NGAY NHẬN | U78: =MONTH(Table2[[#This Row],[Ngày date]]) -> 7 | V78: =IF(K78="","CHƯA NHẬP NGÀY",TEXT(K78,"dd/mm/yyyy")) -> 06/05/2029 | W78: =IF(T78="","CHƯA NHẬP NGÀY",TEXT(T78,"dd/mm/yyyy")) -> CHƯA NHẬP NGÀY | X78: =IF(J78="","CHƯA NHẬP NGÀY",TEXT(J78,"dd/mm/yyyy")) -> NA | Y78: =HYPERLINK('Danh mục'!$D$1&"20"&MID(D78,8,2)&"\"&D78,D78) -> CC_660725-HCM | Z78: =YEAR(Table2[[#This Row],[Ngày date]]) -> 2025 | AA78: =IF(ISNUMBER(SEARCH("HCM",D78)),"HCM", IF(ISNUMBER(SEARCH("HN",D78)),"HN", IF(ISNUMBER(SEARCH("ĐN",D78)),"ĐN",""))) -> HCM
A79: =IF(Table2[[#This Row],[Code CC- ]]="", "", A78+1) -> 76 | B79: RH | C79: 45853 | D79: CC_670725-HCM | F79: CONG TY TNHH DUOC PHAM MEDX | G79: TANG 1, SO 18 L1-5 VSIP II,DUONG SO 3, KCN VIET NAM-SINGAPORE II,HOA PHU, TP THU DAU MOT, BINH DUONG | H79: DAU GOI CHONG GAU (SELSUN ANTI-DANDRUFF SHAMPOO WITH SELENIUM SULFIDE) 50ML | I79: CB24 | J79: NA | K79: 47204 | L79: HỘP | M79: 2 | N79: Khách hàng báo có 2 hộp DAU GOI CHONG GAU (SELSUN ANTI-DANDRUFF SHAMPOO WITH SELENIUM SULFIDE) 50ML bị móp và có kiến | O79: Không xác định được nguyên nhân | P79: Điều tra nguyên nhân tại kho và đơn vị vận chuyển: không phát hiện bất thường để xảy ra lỗi như khiếu nại Đã nhắc mail khách nhiều lần nhưng chưa phản hồi, đợi đến 30/07/2025 nếu khách không phản hồi thì close case Vẫn không liên hệ được khách để xin thông tin --> Hủy do khách không cung cấp được thông tin để điều tra | S79: HỦY KHIẾU NẠI | U79: =MONTH(Table2[[#This Row],[Ngày date]]) -> 7 | V79: =IF(K79="","CHƯA NHẬP NGÀY",TEXT(K79,"dd/mm/yyyy")) -> 27/03/2029 | W79: =IF(T79="","CHƯA NHẬP NGÀY",TEXT(T79,"dd/mm/yyyy")) -> CHƯA NHẬP NGÀY | X79: =IF(J79="","CHƯA NHẬP NGÀY",TEXT(J79,"dd/mm/yyyy")) -> NA | Y79: =HYPERLINK('Danh mục'!$D$1&"20"&MID(D79,8,2)&"\"&D79,D79) -> CC_670725-HCM | Z79: =YEAR(Table2[[#This Row],[Ngày date]]) -> 2025 | AA79: =IF(ISNUMBER(SEARCH("HCM",D79)),"HCM", IF(ISNUMBER(SEARCH("HN",D79)),"HN", IF(ISNUMBER(SEARCH("ĐN",D79)),"ĐN",""))) -> HCM
A80: =IF(Table2[[#This Row],[Code CC- ]]="", "", A79+1) -> 77 | B80: SA | C80: 45854 | D80: CC_680725-HN | F80: CONG TY TNHH DUOC PHAM MEDX | G80: LO SO CN20-1A, SO 93 DUONG HUU NGHI, KHU CONG NGHIEP, DO THI VA DICH VU VSIP BAC NINH, XA DAI DONG, HA NOI | H80: DEPAKINE SOLUTION 200MG BTLX40ML VN | I80: ELB04510 | J80: NA | K80: 46568 | L80: HỘP | M80: 1 | N80: Khách hàng phản ánh có 1 lọ không có dung dịch bên trong | O80: Lỗi từ nhà sản xuất | P80: Hãng chấp nhận đền bù Đang đợi thông tin từ CS để hỗ trợ hãng điều tra nguyên nhân | S80: Xuất mẫu theo đợt | U80: =MONTH(Table2[[#This Row],[Ngày date]]) -> 7 | V80: =IF(K80="","CHƯA NHẬP NGÀY",TEXT(K80,"dd/mm/yyyy")) -> 30/06/2027 | W80: =IF(T80="","CHƯA NHẬP NGÀY",TEXT(T80,"dd/mm/yyyy")) -> CHƯA NHẬP NGÀY | X80: =IF(J80="","CHƯA NHẬP NGÀY",TEXT(J80,"dd/mm/yyyy")) -> NA | Y80: =HYPERLINK('Danh mục'!$D$1&"20"&MID(D80,8,2)&"\"&D80,D80) -> CC_680725-HN | Z80: =YEAR(Table2[[#This Row],[Ngày date]]) -> 2025 | AA80: =IF(ISNUMBER(SEARCH("HCM",D80)),"HCM", IF(ISNUMBER(SEARCH("HN",D80)),"HN", IF(ISNUMBER(SEARCH("ĐN",D80)),"ĐN",""))) -> HN
A81: =IF(Table2[[#This Row],[Code CC- ]]="", "", A80+1) -> 78 | B81: MY | C81: 45854 | D81: CC_690725-HCM | F81: CONG TY TNHH DUOC PHAM MEDX | G81: TANG 1, SO 18 L1-5 VSIP II,DUONG SO 3, KCN VIET NAM-SINGAPORE II,HOA PHU, TP THU DAU MOT, BINH DUONG | H81: FORTRANS 4SACH VN | I81: C56397 | J81: 45439 | K81: 46534 | L81: HỘP | M81: 2 | N81: Bị lủng trong hộp còn seal. | O81: Lỗi từ nhà sản xuất | P81: Số khiếu nại: COMP-VN-2025-135 (1 gói lỗi) Hãng chấp nhận đền bù 09/09/2025, nhận được trả lời của hãng về khiếu nại --> Hoàn tất 18/09/2025: hãng đồng ý đền bù 06 hộp 07/10/2025: hàng về kho có 2 lô bị lỗi - C56397: 02 hộp (01 hộp 4 gói + 1 hộp 1 gói) trong đó có 04 gói bị lỗi. - C56395: 04 hộp (16 gói) trong đó có 09 gói bị lỗi Do đó, hãng điều chỉnh như sau: COMP-VN-2025-152: 12 gói lỗi (9 gói lô C56395 + 3 gói lô C56397) | S81: Chờ hủy | U81: =MONTH(Table2[[#This Row],[Ngày date]]) -> 7 | V81: =IF(K81="","CHƯA NHẬP NGÀY",TEXT(K81,"dd/mm/yyyy")) -> 27/05/2027 | W81: =IF(T81="","CHƯA NHẬP NGÀY",TEXT(T81,"dd/mm/yyyy")) -> CHƯA NHẬP NGÀY | X81: =IF(J81="","CHƯA NHẬP NGÀY",TEXT(J81,"dd/mm/yyyy")) -> 27/05/2024 | Y81: =HYPERLINK('Danh mục'!$D$1&"20"&MID(D81,8,2)&"\"&D81,D81) -> CC_690725-HCM | Z81: =YEAR(Table2[[#This Row],[Ngày date]]) -> 2025 | AA81: =IF(ISNUMBER(SEARCH("HCM",D81)),"HCM", IF(ISNUMBER(SEARCH("HN",D81)),"HN", IF(ISNUMBER(SEARCH("ĐN",D81)),"ĐN",""))) -> HCM
A82: =IF(Table2[[#This Row],[Code CC- ]]="", "", A81+1) -> 79 | B82: DV | C82: 45856 | D82: CC_700725-HN | F82: QUAY 504 HAPU | G82: SO 1 NGUYEN HUY TUONG – THANH XUAN – HA NOI | H82: OSPAMOX 500MG TAB 10'S (NQ) | I82: 040D003 | J82: NA | K82: 47245 | L82: VỈ | M82: 2 | N82: Khách hàng báo có 2 vỉ OSPAMOX 500MG bị bong như hình. Tại thời điểm nhận hàng, khách chỉ đồng kiểm, khui thùng và kiểm hàng tổng quan, không check từng vỉ nên chưa thấy lỗi, hôm nay mang ra dán giá bán mới phát hiện. | O82: Lỗi từ nhà sản xuất | P82: 18/07/2025, báo email cho hãng Đồng ý đền bù cho khách | Q82: X | R82: email | S82: XUẤT MẪU NGAY NHẬN | U82: =MONTH(Table2[[#This Row],[Ngày date]]) -> 7 | V82: =IF(K82="","CHƯA NHẬP NGÀY",TEXT(K82,"dd/mm/yyyy")) -> 07/05/2029 | W82: =IF(T82="","CHƯA NHẬP NGÀY",TEXT(T82,"dd/mm/yyyy")) -> CHƯA NHẬP NGÀY | X82: =IF(J82="","CHƯA NHẬP NGÀY",TEXT(J82,"dd/mm/yyyy")) -> NA | Y82: =HYPERLINK('Danh mục'!$D$1&"20"&MID(D82,8,2)&"\"&D82,D82) -> CC_700725-HN | Z82: =YEAR(Table2[[#This Row],[Ngày date]]) -> 2025 | AA82: =IF(ISNUMBER(SEARCH("HCM",D82)),"HCM", IF(ISNUMBER(SEARCH("HN",D82)),"HN", IF(ISNUMBER(SEARCH("ĐN",D82)),"ĐN",""))) -> HN
A83: =IF(Table2[[#This Row],[Code CC- ]]="", "", A82+1) -> 80 | B83: WW | C83: 45856 | D83: CC_710725-HN | F83: VIEN Y HOC PHONG KHONG – KHONG QUAN | G83: SO 255 DUONG TRUONG CHINH, PHUONG KHUONG MAI, QUAN THANH XUAN, THANH PHO HA NOI | H83: MILGAMMA N INJ 2ML 5'S | I83: 40429E | J83: 04/2024 | K83: 31/03/2027 | L83: lọ | M83: 65 | N83: KH phản ánh về tình trạng hàng Milgamma N và có yêu cầu công ty vào bv để tiến hành đồng kiểm tra chất lượng sản phẩm. Đồng thời có phương án hỗ trợ thay thế hàng cho bv nếu sản phẩm kiểm tra không đạt. | O83: Lỗi không xuất phát từ Hoàng Đức và nhà sản xuất | P83: Hãng đồng ý đền bù cho khách thu hàng lỗi vào khu vực chờ xử lý để chờ kết quả điều tra nguyên nhân từ nhà máy | S83: Chờ hủy | U83: =MONTH(Table2[[#This Row],[Ngày date]]) -> 7 | V83: =IF(K83="","CHƯA NHẬP NGÀY",TEXT(K83,"dd/mm/yyyy")) -> 31/03/2027 | W83: =IF(T83="","CHƯA NHẬP NGÀY",TEXT(T83,"dd/mm/yyyy")) -> CHƯA NHẬP NGÀY | X83: =IF(J83="","CHƯA NHẬP NGÀY",TEXT(J83,"dd/mm/yyyy")) -> 01/04/2024 | Y83: =HYPERLINK('Danh mục'!$D$1&"20"&MID(D83,8,2)&"\"&D83,D83) -> CC_710725-HN | Z83: =YEAR(Table2[[#This Row],[Ngày date]]) -> 2025 | AA83: =IF(ISNUMBER(SEARCH("HCM",D83)),"HCM", IF(ISNUMBER(SEARCH("HN",D83)),"HN", IF(ISNUMBER(SEARCH("ĐN",D83)),"ĐN",""))) -> HN
A84: =IF(Table2[[#This Row],[Code CC- ]]="", "", A83+1) -> 81 | B84: SA | C84: 45859 | D84: CC_720725-HCM | F84: NHA THUOC HOANG LIEM 1 | G84: 248 BS YERSIN, TO 10, KHU PHO 2, PHUONG HIEP THANH, THANH PHO THU DAU MOT, TINH BINH DUONG | H84: DEPAKINE CHRONO 500MG TUBE OF 30 TABS VN, DEPAKINE 200MG TABEC TB40 và DEPAKINE SOLUTION 200MG BTLX40ML VN | I84: NA | J84: NA | K84: NA | L84: NA | M84: NA | N84: NHA THUOC HOANG LIEM 1 ( 248 BS YERSIN, TO 10, KHU PHO 2, PHUONG HIEP THANH, THANH PHO THU DAU MOT, TINH BINH DUONG ) có thắc mắc về vấn đề liên quan đến mặt hàng DEPAKINE CHRONO 500MG TUBE OF 30 TABS VN, DEPAKINE 200MG TABEC TB40 và DEPAKINE SOLUTION 200MG BTLX40ML VN Các sản phẩm trên có thuộc danh mục thuốc cần kiểm soát đặc biệt không? Các sản phẩm trên có cần bán theo đơn bác sĩ không? Điều kiện bảo quản cho các sản phẩm trên như thế nào? Cần lưu ý điều gì khi bảo quản? | O84: NA | P84: 22/07/2025, nhận được câu trả lời từ hãng | S84: Trả lời câu hỏi | U84: =MONTH(Table2[[#This Row],[Ngày date]]) -> 7 | V84: =IF(K84="","CHƯA NHẬP NGÀY",TEXT(K84,"dd/mm/yyyy")) -> NA | W84: =IF(T84="","CHƯA NHẬP NGÀY",TEXT(T84,"dd/mm/yyyy")) -> CHƯA NHẬP NGÀY | X84: =IF(J84="","CHƯA NHẬP NGÀY",TEXT(J84,"dd/mm/yyyy")) -> NA | Y84: =HYPERLINK('Danh mục'!$D$1&"20"&MID(D84,8,2)&"\"&D84,D84) -> CC_720725-HCM | Z84: =YEAR(Table2[[#This Row],[Ngày date]]) -> 2025 | AA84: =IF(ISNUMBER(SEARCH("HCM",D84)),"HCM", IF(ISNUMBER(SEARCH("HN",D84)),"HN", IF(ISNUMBER(SEARCH("ĐN",D84)),"ĐN",""))) -> HCM
A85: =IF(Table2[[#This Row],[Code CC- ]]="", "", A84+1) -> 82 | B85: GZ | C85: 45860 | D85: CC_730725-HCM | F85: CONG TY TNHH DUOC PHAM DONAPHARM | G85: C1A, KHU PHO 7, PHUONG BINH DA (KHU PHO 3, PHUONG TAM HOA CU ),THANH PHO BIEN HOA, TINH DONG NAI | H85: FORTRAGET | I85: 107M03 | J85: NA | K85: 46368 | L85: BÌNH | M85: 5 | N85: Hiện tại phía khách hàng phản ánh bình xịt Fortraget khi sử dụng xịt thì chỉ sử dụng được 1 lần, tới lần xịt thứ 2 thì không xịt được, phải đợi một lúc lâu mới xịt được tiếp, hơi của bình xịt bị yếu, bác sĩ bảo không ra đủ liều. Hiện tại nhờ công ty đổi lại 5 bình | O85: Lỗi từ nhà sản xuất | P85: 24/07/2025 hãng đồng ý đền bù cho khách | S85: XUẤT MẪU NGAY NHẬN | U85: =MONTH(Table2[[#This Row],[Ngày date]]) -> 7 | V85: =IF(K85="","CHƯA NHẬP NGÀY",TEXT(K85,"dd/mm/yyyy")) -> 12/12/2026 | W85: =IF(T85="","CHƯA NHẬP NGÀY",TEXT(T85,"dd/mm/yyyy")) -> CHƯA NHẬP NGÀY | X85: =IF(J85="","CHƯA NHẬP NGÀY",TEXT(J85,"dd/mm/yyyy")) -> NA | Y85: =HYPERLINK('Danh mục'!$D$1&"20"&MID(D85,8,2)&"\"&D85,D85) -> CC_730725-HCM | Z85: =YEAR(Table2[[#This Row],[Ngày date]]) -> 2025 | AA85: =IF(ISNUMBER(SEARCH("HCM",D85)),"HCM", IF(ISNUMBER(SEARCH("HN",D85)),"HN", IF(ISNUMBER(SEARCH("ĐN",D85)),"ĐN",""))) -> HCM
