Workbook

Sheet Sheet1
A1: item_code | B1: item_name | C1: supplier_code | D1: visa_no | E1: gross_weight | F1: net_weight | G1: cube | H1: tare_weight | I1: pallet_qty | J1: case_qty | K1: inner_pack | L1: is_active
A2: 3M118 | B2: 118 ATTEST BIOLOG INCUBATOR STEAM 56C | C2: 3M VIETNAM | E2: 1.241 | G2: =VLOOKUP(A2,[1]GỘP!$A:$M,13,0) -> 0.00036 | L2: TRUE
A3: 3M1522 | B3: 1522 BANG KEO 3.6 IN x 60 YD | C3: 3M VIETNAM | E3: 1.5 | G3: =VLOOKUP(A3,[1]GỘP!$A:$M,13,0) -> 0.002916 | L3: TRUE
A4: 3M2306 | B4: 2306 ONG NGHE LITTMANN XANH BIEN | C4: 3M VIETNAM | E4: 0.25 | G4: =VLOOKUP(A4,[1]GỘP!$A:$M,13,0) -> 0.001386 | L4: TRUE
A5: 3M290G | B5: 290G MAY 240 VAC DOC MAU TEST DO DO TIET TRUNG THIET BI Y TE (CASE/1CAI) | C5: 3M VIETNAM | E5: 4.328 | G5: =VLOOKUP(A5,[1]GỘP!$A:$M,13,0) -> 0.037758 | L5: TRUE
A6: 3M390 | B6: 390 MAY DOC HUYNH QUANG TEST VI SINH TIET TRUNG EO (CASE/1CAI) | C6: 3M VIETNAM | E6: 2.412 | G6: =VLOOKUP(A6,[1]GỘP!$A:$M,13,0) -> 0.02048 | L6: TRUE
A7: 3M63500 | B7: 63500 MEN U AM (5/CASE) | C7: 3M VIETNAM | E7: 0.289 | G7: =VLOOKUP(A7,[1]GỘP!$A:$M,13,0) -> 0.004 | L7: TRUE
A8: 3MN95-23252 | B8: GOWN (AO CHOANG CHO PHAU THUAT) [TUI/10CAI] | C8: 3M VIETNAM | E8: 0.089 | G8: =VLOOKUP(A8,[1]GỘP!$A:$M,13,0) -> 0.000406 | L8: TRUE
A9: AB1100026 | B9: TANATRIL TAB 10MG 100'S | C9: ABBOTT | D9: VN-22051-19 | E9: 0.034 | G9: =VLOOKUP(A9,[1]GỘP!$A:$M,13,0) -> 0.000123 | J9: 160 | L9: TRUE
A10: AB6100013 | B10: HEPTRAL 400 (H/30V) | C10: ABBOTT | D10: 3931/2020/ĐKSP | E10: 0.058 | G10: =VLOOKUP(A10,[1]GỘP!$A:$M,13,0) -> 0.00033792 | J10: 24 | L10: TRUE
A11: ST9-ACP2-007-022 | B11: AMPLATZER AMULET LAA OCCLUDER 22MM | C11: ABBOTT | D11: 2400072DKLH/BYT-HTTB | E11: 0.362 | G11: =VLOOKUP(A11,[1]GỘP!$A:$M,13,0) -> 0.003498 | L11: TRUE
A12: ST9-ACP2-010-025 | B12: AMPLATZER AMULET LAA OCCLUDER 25MM | C12: ABBOTT | D12: 2400072DKLH/BYT-HTTB | E12: 0.364 | G12: =VLOOKUP(A12,[1]GỘP!$A:$M,13,0) -> 0.003498 | L12: TRUE
A13: ST9-ACP2-010-028 | B13: AMPLATZER AMULET LAA OCCLUDER 28MM | C13: ABBOTT | D13: 2400072DKLH/BYT-HTTB | E13: 0.364 | G13: =VLOOKUP(A13,[1]GỘP!$A:$M,13,0) -> 0.00352176 | L13: TRUE
A14: ST9-ASD-010 | B14: AMPLATZER SEPTAL OCCLUDER 10MM | C14: ABBOTT | D14: 14580NK/BYT-TB-CT | E14: 0.106 | G14: =VLOOKUP(A14,[1]GỘP!$A:$M,13,0) -> 0.00140175 | L14: TRUE
A15: ST9-ASD-012 | B15: AMPLATZER SEPTAL OCCLUDER 12MM | C15: ABBOTT | D15: 14580NK/BYT-TB-CT | E15: 0.106 | G15: =VLOOKUP(A15,[1]GỘP!$A:$M,13,0) -> 0.00140175 | L15: TRUE
A16: ST9-ASD-014 | B16: AMPLATZER SEPTAL OCCLUDER 14MM | C16: ABBOTT | D16: 14580NK/BYT-TB-CT | E16: 0.106 | G16: =VLOOKUP(A16,[1]GỘP!$A:$M,13,0) -> 0.00140175 | L16: TRUE
A17: ST9-ASD-016 | B17: AMPLATZER SEPTAL OCCLUDER 16MM | C17: ABBOTT | D17: 14580NK/BYT-TB-CT | E17: 0.106 | G17: =VLOOKUP(A17,[1]GỘP!$A:$M,13,0) -> 0.00140175 | L17: TRUE
A18: ST9-ASD-018 | B18: AMPLATZER SEPTAL OCCLUDER 18MM | C18: ABBOTT | D18: 14580NK/BYT-TB-CT | E18: 0.106 | G18: =VLOOKUP(A18,[1]GỘP!$A:$M,13,0) -> 0.00140175 | L18: TRUE
A19: ST9-ASD-020 | B19: AMPLATZER SEPTAL OCCLUDER 20MM | C19: ABBOTT | D19: 14580NK/BYT-TB-CT | E19: 0.106 | G19: =VLOOKUP(A19,[1]GỘP!$A:$M,13,0) -> 0.00140175 | L19: TRUE
A20: ST9-ASD-022 | B20: AMPLATZER SEPTAL OCCLUDER 22MM | C20: ABBOTT | D20: 14580NK/BYT-TB-CT | E20: 0.106 | G20: =VLOOKUP(A20,[1]GỘP!$A:$M,13,0) -> 0.00140175 | L20: TRUE
A21: ST9-ASD-024 | B21: AMPLATZER SEPTAL OCCLUDER 24MM | C21: ABBOTT | D21: 14580NK/BYT-TB-CT | E21: 0.106 | G21: =VLOOKUP(A21,[1]GỘP!$A:$M,13,0) -> 0.00140175 | L21: TRUE
A22: ST9-ASD-026 | B22: AMPLATZER SEPTAL OCCLUDER 26MM | C22: ABBOTT | D22: 14580NK/BYT-TB-CT | E22: 0.106 | G22: =VLOOKUP(A22,[1]GỘP!$A:$M,13,0) -> 0.00140175 | L22: TRUE
... A65: ST9-PDAP-03-02-L | B65: AMPLATZER PICCOLO OCCLUDER 3MM X 2MM | C65: ABBOTT | D65: 14355NK/BYT-TB-CT | E65: 0.176 | G65: =VLOOKUP(A65,[1]GỘP!$A:$M,13,0) -> 0.001758906 | L65: TRUE
A66: ST9-PDAP-03-04-L | B66: AMPLATZER PICCOLO OCCLUDER 3MM X 4MM | C66: ABBOTT | D66: 14355NK/BYT-TB-CT | E66: 0.176 | L66: TRUE
A67: ST9-PDAP-04-02-L | B67: AMPLATZER PICCOLO OCCLUDER 4MM X 2MM | C67: ABBOTT | D67: 14355NK/BYT-TB-CT | E67: 0.176 | G67: =VLOOKUP(A67,[1]GỘP!$A:$M,13,0) -> 0.001758906 | L67: TRUE
A68: ST9-PDAP-04-04-L | B68: AMPLATZER PICCOLO OCCLUDER 4MM X 4MM | C68: ABBOTT | D68: 14355NK/BYT-TB-CT | E68: 0.176 | G68: =VLOOKUP(A68,[1]GỘP!$A:$M,13,0) -> 0.001758906 | L68: TRUE
A69: ST9-PDAP-04-06-L | B69: AMPLATZER PICCOLO OCCLUDER 4MM X 6MM | C69: ABBOTT | D69: 14355NK/BYT-TB-CT | E69: 0.176 | G69: =VLOOKUP(A69,[1]GỘP!$A:$M,13,0) -> 0.00165834 | L69: TRUE
A70: ST9-PDAP-05-02-L | B70: AMPLATZER PICCOLO OCCLUDER 5MM X 2MM | C70: ABBOTT | D70: 14355NK/BYT-TB-CT | E70: 0.176 | G70: =VLOOKUP(A70,[1]GỘP!$A:$M,13,0) -> 0.001758906 | L70: TRUE
A71: ST9-PDAP-05-04-L | B71: AMPLATZER PICCOLO OCCLUDER 5MM X 4MM | C71: ABBOTT | D71: 14355NK/BYT-TB-CT | E71: 0.176 | G71: =VLOOKUP(A71,[1]GỘP!$A:$M,13,0) -> 0.001758906 | L71: TRUE
A72: ST9-PDAP-05-06-L | B72: AMPLATZER PICCOLO OCCLUDER 5MM X 6MM | C72: ABBOTT | D72: 14355NK/BYT-TB-CT | E72: 0.178 | G72: =VLOOKUP(A72,[1]GỘP!$A:$M,13,0) -> 0.00185148 | L72: TRUE
A73: ST9-PFO-018 | B73: AMPLATZER PFO OCCLUDER 18MM | C73: ABBOTT | D73: 14580NK/BYT-TB-CT | E73: 0.296 | G73: =VLOOKUP(A73,[1]GỘP!$A:$M,13,0) -> 0.0014175 | L73: TRUE
A74: ST9-PFO-025 | B74: PFO IMPLANT 25MM | C74: ABBOTT | D74: 14580NK/BYT-TB-CT | E74: 0.296 | G74: =VLOOKUP(A74,[1]GỘP!$A:$M,13,0) -> 0.0014175 | L74: TRUE
A75: ST9-PFO-035 | B75: PFO IMPLANT 35MM | C75: ABBOTT | D75: 14580NK/BYT-TB-CT | E75: 0.296 | G75: =VLOOKUP(A75,[1]GỘP!$A:$M,13,0) -> 0.0014175 | L75: TRUE
A76: ST9-PFO-1818 | B76: 9-PFO-1818 AMPLATZER TALISMAN PFO OCCLUDER | C76: ABBOTT | E76: 0.786 | G76: =VLOOKUP(A76,[1]GỘP!$A:$M,13,0) -> 0.0065723 | L76: TRUE
A77: ST9-PFO-2518 | B77: 9-PFO-2518 AMPLATZER TALISMAN PFO OCCLUDER | C77: ABBOTT | E77: 0.786 | G77: =VLOOKUP(A77,[1]GỘP!$A:$M,13,0) -> 0.0065723 | L77: TRUE
A78: ST9-PLUG-014 | B78: VASCULAR PLUG 14MM | C78: ABBOTT | D78: 14580NK/BYT-TB-CT | E78: 0.282 | G78: =VLOOKUP(A78,[1]GỘP!$A:$M,13,0) -> 0.000899 | L78: TRUE
A79: ST9-PLUG-016 | B79: VASCULAR PLUG 16MM | C79: ABBOTT | D79: 14580NK/BYT-TB-CT | E79: 0.282 | G79: =VLOOKUP(A79,[1]GỘP!$A:$M,13,0) -> 0.000899 | L79: TRUE
A80: ST9-SB-018 | B80: AMPLATZER SB II 18MM | C80: ABBOTT | D80: 14580NK/BYT-TB-CT | E80: 0.39 | G80: =VLOOKUP(A80,[1]GỘP!$A:$M,13,0) -> 0.00360144 | L80: TRUE
A81: ST9-SB-024 | B81: AMPLATZER SB II 24MM | C81: ABBOTT | D81: 14580NK/BYT-TB-CT | E81: 0.38 | G81: =VLOOKUP(A81,[1]GỘP!$A:$M,13,0) -> 0.003797625 | L81: TRUE
A82: ST9-SB-034 | B82: AMPLATZER SB II 34MM | C82: ABBOTT | D82: 14580NK/BYT-TB-CT | E82: 0.394 | G82: =VLOOKUP(A82,[1]GỘP!$A:$M,13,0) -> 0.003797625 | L82: TRUE
A83: ST9-TVLP4F90/080 | B83: TORQVUE LP DELIVERY SYSTEM PDA2 4F 80C | C83: ABBOTT | D83: 14580NK/BYT-TB-CT | E83: 0.562 | G83: =VLOOKUP(A83,[1]GỘP!$A:$M,13,0) -> 0.00558144 | L83: TRUE
A84: ST9-TVLP5F90/080 | B84: TORQVUE LP DELIVERY SYSTEM PDA2 5F 80C | C84: ABBOTT | D84: 14580NK/BYT-TB-CT | E84: 0.518 | G84: =VLOOKUP(A84,[1]GỘP!$A:$M,13,0) -> 0.00528336 | L84: TRUE
A85: ST9-TVLPC4F90/080 | B85: AMPLATZER TORQVUE LP CATHETER 4F 80CM | C85: ABBOTT | D85: 14580NK/BYT-TB-CT | E85: 0.562 | G85: =VLOOKUP(A85,[1]GỘP!$A:$M,13,0) -> 0.00558144 | L85: TRUE
A86: ST9-VSD-MUSC-006 | B86: AMPLATZER MUSCULAR VSD OCCLUDER 9-VSD-MUSC-006 | C86: ABBOTT | D86: 14580NK/BYT-TB-CT | E86: 0.234 | G86: =VLOOKUP(A86,[1]GỘP!$A:$M,13,0) -> 0.0014175 | L86: TRUE
A87: ST9-VSD-MUSC-008 | B87: AMPLATZER MUSCULAR VSD OCCLUDER 9-VSD-MUSC-008 | C87: ABBOTT | E87: 0.234 | G87: =VLOOKUP(A87,[1]GỘP!$A:$M,13,0) -> 0.0014175 | L87: TRUE
A88: ST9-VSD-MUSC-010 | B88: AMPLATZER MUSCULAR VSD OCCLUDER 9-VSD-MUSC-010 | C88: ABBOTT | D88: 14580NK/BYT-TB-CT | E88: 0.234 | G88: =VLOOKUP(A88,[1]GỘP!$A:$M,13,0) -> 0.0014175 | L88: TRUE
A89: ST9-VSD-MUSC-012 | B89: AMPLATZER MUSCULAR VSD OCCLUDER 9-VSD-MUSC-012 | C89: ABBOTT | D89: 14580NK/BYT-TB-CT | E89: 0.234 | G89: =VLOOKUP(A89,[1]GỘP!$A:$M,13,0) -> 0.0014175 | L89: TRUE
A90: ST9-VSD-MUSC-014 | B90: MUSCULAR VSD IMPLANT 14MM | C90: ABBOTT | D90: 14580NK/BYT-TB-CT | E90: 0.234 | G90: =VLOOKUP(A90,[1]GỘP!$A:$M,13,0) -> 0.0014175 | L90: TRUE
A91: ST9-VSD-MUSC-016 | B91: VSD,MUSCULAR,16MM; PKG;STER | C91: ABBOTT | D91: 14580NK/BYT-TB-CT | E91: 0.234 | G91: =VLOOKUP(A91,[1]GỘP!$A:$M,13,0) -> 0.0014175 | L91: TRUE
A92: ST9-VSD-MUSC-018 | B92: VSD,MUSCULAR,18MM; PKG;STER | C92: ABBOTT | D92: 14580NK/BYT-TB-CT | E92: 0.234 | G92: =VLOOKUP(A92,[1]GỘP!$A:$M,13,0) -> 0.0014175 | L92: TRUE
A93: AJ1300004 | B93: DE TRUNG BAY TESTER STAND VELVET | C93: AJ RESEARCH & PHARMA | E93: 0.2 | G93: =VLOOKUP(A93,[1]GỘP!$A:$M,13,0) -> 0.0002625 | L93: TRUE
A94: TT1300322 | B94: TEM TRONG AJ | C94: AJ RESEARCH & PHARMA | L94: TRUE
A95: TT1300323 | B95: TEM NIEM PHONG AJ | C95: AJ RESEARCH & PHARMA | L95: TRUE
A96: AV1100012 | B96: PLENMOXI (H/1VI/10VIEN) | C96: ALLEVIARE | D96: 890115983024 | E96: 0.026 | G96: =VLOOKUP(A96,[1]GỘP!$A:$M,13,0) -> 0.0001464 | I96: 6400 | J96: 200 | L96: TRUE
A97: AV1100015 | B97: ARIP TABLET 10MG (H/3 VI X10 VIEN) | C97: ALLEVIARE | D97: VN-22478-19 | E97: 0.0207 | G97: =VLOOKUP(A97,[1]GỘP!$A:$M,13,0) -> 0.00017556 | I97: 4050 | J97: 270 | L97: TRUE
A98: AV1100019 | B98: FEGEM-100 (HOP/100VIEN) | C98: ALLEVIARE | D98: VN-14829-12 | E98: 0.114 | G98: =VLOOKUP(A98,[1]GỘP!$A:$M,13,0) -> 0.000468 | I98: 1728 | J98: 144 | L98: TRUE
A99: AV1100020 | B99: ARIP TABLET 15MG (H/3 VI X10 VIEN) | C99: ALLEVIARE | D99: VN-23051-22 | E99: 0.0219 | G99: =VLOOKUP(A99,[1]GỘP!$A:$M,13,0) -> 0.00017182 | I99: 4032 | J99: 168 | L99: TRUE
A100: AV1100021 | B100: ALFUTOR ER TABLETS 10MG (HOP/30VIEN) | C100: ALLEVIARE | D100: 890110437723 | E100: 0.026 | G100: =VLOOKUP(A100,[1]GỘP!$A:$M,13,0) -> 0.000178365 | I100: 3780 | J100: 252 | L100: TRUE
A101: AV1100022 | B101: T-ESOM 40 (H/3 VI X10 VIEN) | C101: ALLEVIARE | D101: VN-22994-22 | E101: 0.0207 | G101: =VLOOKUP(A101,[1]GỘP!$A:$M,13,0) -> 0.000126084 | I101: 6480 | J101: 360 | L101: TRUE
A102: AV1100024 | B102: CANDITRAL (CAPSULE 100MG B/4 X 10 BOXES) (HOP LON X 10 HOP NHO X 1 VI X 4 VIEN) | C102: ALLEVIARE | E102: 0.152 | G102: =VLOOKUP(A102,[1]GỘP!$A:$M,13,0) -> 0.001268608 | I102: 480 | J102: 40 | L102: TRUE
A103: AV1300007 | B103: COMBIWAVE SF 125 | C103: ALLEVIARE | D103: 890110028823 | E103: 0.036 | G103: =VLOOKUP(A103,[1]GỘP!$A:$M,13,0) -> 0.00014875 | I103: 5000 | J103: 200 | L103: TRUE
A104: AV1300010 | B104: KLENZIT MS (HOP/1 TUYP 15G) | C104: ALLEVIARE | D104: VN-19662-16 | E104: 0.024 | G104: =VLOOKUP(A104,[1]GỘP!$A:$M,13,0) -> 6.6e-05 | I104: 9600 | J104: 480 | L104: TRUE
A105: AV1300011 | B105: KLENZIT-C (HOP/1 TUYP 15G) | C105: ALLEVIARE | D105: VN-18315-14 | E105: 0.024 | G105: =VLOOKUP(A105,[1]GỘP!$A:$M,13,0) -> 5.992e-05 | I105: 9600 | J105: 480 | L105: TRUE
A106: AV1300012 | B106: MOMATE 15G | C106: ALLEVIARE | D106: VN-18316-14 | E106: 0.024 | G106: =VLOOKUP(A106,[1]GỘP!$A:$M,13,0) -> 6.6e-05 | I106: 9600 | J106: 480 | L106: TRUE
A107: AV1300016 | B107: CANDID POWDER 30G | C107: ALLEVIARE | D107: VN-19171-15 | E107: 0.056 | G107: =VLOOKUP(A107,[1]GỘP!$A:$M,13,0) -> 0.000181202 | I107: 3402 | J107: 189 | L107: TRUE
A108: AV1300018 | B108: COMBIWAVE SF 250 | C108: ALLEVIARE | D108: VN-18898-15 | E108: 0.036 | G108: =VLOOKUP(A108,[1]GỘP!$A:$M,13,0) -> 0.00014875 | I108: 5000 | J108: 200 | L108: TRUE
A109: AV1300023 | B109: MAY KHI DUNG CAM TAY NEBZMART | C109: ALLEVIARE | E109: 0.31 | G109: =VLOOKUP(A109,[1]GỘP!$A:$M,13,0) -> 0.00132165 | L109: TRUE
A110: AV1300026 | B110: ALLSILVER 15G (HOP/ 1 TUYP) | C110: ALLEVIARE | D110: VN-23146-22 | E110: 0.026 | G110: =VLOOKUP(A110,[1]GỘP!$A:$M,13,0) -> 7.104e-05 | I110: 7200 | J110: 300 | L110: TRUE
A111: AV1300027 | B111: ESOJAY 15G (HOP/ 1 TUYP) | C111: ALLEVIARE | D111: 890110007723 | E111: 0.0266 | G111: =VLOOKUP(A111,[1]GỘP!$A:$M,13,0) -> 7.392e-05 | I111: 7200 | J111: 300 | L111: TRUE
A112: AV1300028 | B112: ACARWIN 15G (HOP/1 TUYP) | C112: ALLEVIARE | D112: 89011041323 | E112: 0.026 | G112: =VLOOKUP(A112,[1]GỘP!$A:$M,13,0) -> 7.44e-05 | I112: 5400 | J112: 300 | L112: TRUE
A113: AV1300029 | B113: ALLUCOT-N (HOP/1 TUYP) | C113: ALLEVIARE | D113: 890110765724 | E113: 0.0255 | G113: =VLOOKUP(A113,[1]GỘP!$A:$M,13,0) -> 6.72e-05 | I113: 7200 | J113: 300 | L113: TRUE
A114: AV1300030 | B114: ACARWIN-B (HOP/1 TUYP) | C114: ALLEVIARE | D114: 890110000225 | E114: 0.026 | G114: =VLOOKUP(A114,[1]GỘP!$A:$M,13,0) -> 6.726e-05 | I114: 7200 | J114: 300 | L114: TRUE
A115: AV1300031 | B115: ALLUCOT (HOP/1 TUYP) | C115: ALLEVIARE | E115: 0.016 | G115: =VLOOKUP(A115,[1]GỘP!$A:$M,13,0) -> 5.2e-05 | I115: 7200 | J115: 300 | L115: TRUE
A116: AV1300032 | B116: CANDID (CREAM 20G) (HOP/1 TUYP 20G) | C116: ALLEVIARE | E116: 0.032 | G116: =VLOOKUP(A116,[1]GỘP!$A:$M,13,0) -> 8.05e-05 | I116: 5400 | J116: 360 | L116: TRUE
A117: AV1300033 | B117: CANDID (POWDER 30G) (HOP/1 LO 30G) | C117: ALLEVIARE | E117: 0.056 | G117: =VLOOKUP(A117,[1]GỘP!$A:$M,13,0) -> 0.000189728 | I117: 3402 | J117: 189 | L117: TRUE
A118: AV1300034 | B118: CANDID TV (SUSPENSION, SHAMPOO 60ML) (HOP/1 CHAI 60ML) | C118: ALLEVIARE | E118: 0.094 | G118: =VLOOKUP(A118,[1]GỘP!$A:$M,13,0) -> 0.000183708 | I118: 4800 | J118: 120 | L118: TRUE
A119: AV1400001 | B119: CANDID V1 (VAGINAL TABLET) (HOP/1 VI X 1 VIEN, KEM 1 QUE DAT) | C119: ALLEVIARE | E119: 0.014 | G119: =VLOOKUP(A119,[1]GỘP!$A:$M,13,0) -> 0.00010557 | I119: 4320 | J119: 360 | L119: TRUE
A120: AV1400002 | B120: CANDID V3 (VAGINAL TABLET) (HOP/1 VI X 3 VIEN, KEM 1 QUE DAT) | C120: ALLEVIARE | E120: 0.018 | G120: =VLOOKUP(A120,[1]GỘP!$A:$M,13,0) -> 0.000118575 | I120: 4320 | J120: 360 | L120: TRUE
A121: BE-84636429-KM | B121: 84636429 KM CNTR PLUS CTRL,N,KR/TW/SEA/IN/JP/LA/BR | C121: ASCENSIA | D121: 2300583ĐKLH/BYT-HTTB | L121: TRUE
A122: BE-84636488-KM | B122: 84636488 KM CNTR PLUS CTRL, H/L, KR/TW/SEA/IN/JP/LA/BR | C122: ASCENSIA | D122: 2300583ĐKLH/BYT-HTTB | L122: TRUE
A123: BE-85734105 | B123: 85734105 ASCENSIA MICROLET LANCETS 100'S (KIM DUNG CHO MAY DO DUONG HUYET) | C123: ASCENSIA | L123: TRUE
A124: BE-90001885 | B124: 90001885 CNTR PLUS,BN/HK/MY/SG(EN/MS/ZHT)MMOL/L,RET,7618B (CONTOUR PLUS BLOOD GLUCOSE METER) | C124: ASCENSIA | D124: 15132NK/BYT-TB-CT | L124: TRUE
A125: BE-90001886 | B125: 90001886 CONTOUR PLUS BLOOD GLUCOSE METER | C125: ASCENSIA | D125: 2300583ĐKLH/BYT-HTTB | L125: TRUE
A126: BE-90001889 | B126: 90001889 CONTOUR PLUS BLOOD GLUCOSE TEST STRIPS 25'S ( QUE THU DUNG CHO MAY DO DUONG HUYET) | C126: ASCENSIA | D126: 2300583ĐKLH/BYT-HTTB | L126: TRUE
A127: BE-90001890 | B127: 90001890 CONTOUR PLUS BLOOD GLUCOSE TEST STRIPS 50'S 2X25 ( QUE THU DUNG CHO MAY DO DUONG HUYET) | C127: ASCENSIA | D127: 2300583ĐKLH/BYT-HTTB | E127: 0.05 | G127: =VLOOKUP(A127,[1]GỘP!$A:$M,13,0) -> 0.000192864 | L127: TRUE
A128: BE-90001890-85734105 | B128: QUE THU CONTOUR PLUS BLOOD GLUCOSE TEST STRIPS 50'S+KIM LAY MAU DO DUONG HUYET MICROLET LANCET 100'S | C128: ASCENSIA | L128: TRUE
A129: BE-90001891 | B129: 90001891 CNTR TS,HK/SG(EN/ZHT)MMOL/L (CONTOUR TS BLOOD GLUCOSE METER) | C129: ASCENSIA | L129: TRUE
A130: BE90001892 | B130: 90001892 CONTOUR TS VN/MM/PH/SG(EN)MG/Dl (CONTOUR TS BLOOD GLUCOSE METER) | C130: ASCENSIA | E130: 0.168 | G130: =VLOOKUP(A130,[1]GỘP!$A:$M,13,0) -> 0.0014028 | L130: TRUE
A131: BE-90001893 | B131: 90001893 CONTOUR TS BLOOD GLUCOSE TEST STRIPS 25'S (QUE THU DUNG CHO MAY DO DUONG HUYET) | C131: ASCENSIA | D131: 15132NK/BYT-TB-CT | E131: 0.024 | G131: =VLOOKUP(A131,[1]GỘP!$A:$M,13,0) -> 8.547e-05 | L131: TRUE
A132: BE-90001894 | B132: 90001894 CONTOUR TS BLOOD GLUCOSE TEST STRIPS 50'S(QUE THU DUNG CHO MAY DO DUONG HUYET) | C132: ASCENSIA | D132: 15132NK/BYT-TB-CT | L132: TRUE
A133: BE90007118 | B133: 90007118-CONTOUR PLUS ELITE BLOOD GLUCOSE MONITORING SYSTEM | C133: ASCENSIA | D133: 15132NK/BYT-TB-CT | E133: 0.464 | G133: =VLOOKUP(A133,[1]GỘP!$A:$M,13,0) -> 0.00132396 | L133: TRUE
A134: BE90007118-KM | B134: 90007118- KM CONTOUR PLUS ELITE BLOOD GLUCOSE MONITORING SYSTEM | C134: ASCENSIA | D134: 15132NK/BYT-TB-CT | E134: 0.464 | G134: =VLOOKUP(A134,[1]GỘP!$A:$M,13,0) -> 0.00132396 | L134: TRUE
A135: BE90007779 | B135: 90007779-CONTOUR PLUS ELITE BLOOD GLUCOSE MONITORING SYSTEM | C135: ASCENSIA | D135: 15132NK/BYT-TB-CT | E135: 0.444 | G135: =VLOOKUP(A135,[1]GỘP!$A:$M,13,0) -> 0.00132396 | L135: TRUE
A136: BE90007779-KM | B136: 90007779- KM CONTOUR PLUS ELITE BLOOD GLUCOSE MONITORING SYSTEM | C136: ASCENSIA | D136: 15132NK/BYT-TB-CT | E136: 0.444 | G136: =VLOOKUP(A136,[1]GỘP!$A:$M,13,0) -> 0.00132396 | L136: TRUE
A137: BE-90010132-KM | B137: 90010132 KM CONTOUR PLUS BLOOD GLUCOSE METER | C137: ASCENSIA | D137: 2300583ĐKLH/BYT-HTTB | L137: TRUE
A138: BE-90010203-KM | B138: 90010203 KM CONTOUR PLUS ELITE BLOOD GLUCOSE METER | C138: ASCENSIA | D138: 2300583ĐKLH/BYT-HTTB | L138: TRUE
A139: BE-90010204-KM | B139: 90010204 KM CONTOUR PLUS ELITE BLOOD GLUCOSE METER | C139: ASCENSIA | D139: 2300583ĐKLH/BYT-HTTB | L139: TRUE
A140: BE-90010231 | B140: 90010231 CONTOUR PLUS BLOOD GLUCOSE METER | C140: ASCENSIA | D140: 2300583ĐKLH/BYT-HTTB | L140: TRUE
A141: TT1300384 | B141: HUONG DAN SU DUNG MAY CONTOUR PLUS | C141: ASCENSIA | L141: TRUE
A142: TT1300385 | B142: PHIEU BAO HANH MAY CONTOUR PLUS | C142: ASCENSIA | L142: TRUE
...
